序號,縣市,監測月份,測站,"二氧化硫<br />SO2<br />(ppb)","一氧化碳<br />CO<br />(ppm)","臭氧<br />O3<br />(ppb)","懸浮微粒<br />PM 10 <br />(μg/m 3 )","細懸浮微粒<br />PM 2.5 <br />(μg/m 3 )","氮氧化物<br />NOx<br />(ppb)","一氧化氮<br />NO<br />(ppb)","二氧化氮<br />NO2<br />(ppb)","總碳氫化合物<br />THC<br />(ppmC)","非甲烷碳氫化合物<br />NMHC<br />(ppm)","甲烷<br />CH4<br />(ppm)","大氣溫度<br />AMB_TEMP<br />(℃)","降雨量<br />RAINFALL<br />(mm)","酸雨pH值<br />pH_RAIN","相對濕度<br />RH<br />(percent)","紫外線指數<br />UVB<br />(UVI)"
1,高雄市,1998/11,左營,10.0,0.93,38.0,144.0,-,41,8.63,32.41,2.97,0.51,2.46,24.58,-,-,-,-
2,高雄市,1998/11,楠梓,6.3,0.72,33.8,119.0,-,42,9.41,32.46,2.94,0.48,2.46,24.45,-,-,-,-
3,高雄市,1998/11,前金,13.8,1.02,34.9,129.0,-,44,10.1,33.93,-,-,-,24.6,-,-,-,-
4,高雄市,1998/11,前鎮,16.0,-,-,142.0,-,65,19.03,46.04,3.17,0.66,2.51,25.43,-,-,-,-
5,高雄市,1998/11,復興,17.1,1.76,-,160.0,-,73,25.81,47.48,3.41,1.11,2.29,25.2,-,-,-,-
6,高雄市,1998/11,小港,21.2,1.08,33.3,155.0,-,73,23.93,48.81,3.16,0.72,2.44,25.75,-,-,-,-
7,高雄市,1998/11,鳳山,17.2,1.22,28.3,157.0,95,64,18.86,44.81,-,-,-,25.37,-,-,-,-
8,高雄市,1998/11,林園,16.1,0.78,43.9,138.0,96,36,7.25,28.98,2.88,0.52,2.36,25.3,-,-,-,-
9,高雄市,1998/11,大寮,15.4,1.03,38.0,166.0,-,45,6.8,38.03,2.99,0.6,2.39,25.67,-,-,-,-
10,高雄市,1998/11,仁武,16.4,0.85,33.4,140.0,-,56,15.16,40.8,2.77,0.59,2.18,24.84,-,-,-,-
11,高雄市,1998/11,橋頭,7.8,0.79,31.3,122.0,-,39,8.85,30.45,2.8,0.28,2.51,23.96,-,-,-,-
12,高雄市,1998/11,美濃,3.6,0.72,41.1,130.0,-,19,1.23,17.86,-,-,-,24.79,-,-,-,-
13,高雄市,1998/10,左營,7.9,0.83,39.1,93.0,-,31,6.65,24.25,2.61,0.36,2.24,26.91,-,-,-,-
14,高雄市,1998/10,楠梓,5.3,0.6,32.8,64.0,-,33,7.66,25.29,2.71,0.37,2.35,26.73,-,-,-,-
15,高雄市,1998/10,前金,10.4,0.9,36.1,84.0,-,34,8.08,25.72,-,-,-,26.95,-,-,-,-
16,高雄市,1998/10,前鎮,11.9,-,-,92.0,-,44,12.53,31.66,2.76,0.5,2.27,27.52,-,-,-,-
17,高雄市,1998/10,復興,12.8,1.37,-,97.0,-,54,18.72,35.63,3.11,0.85,2.26,27.24,-,-,-,-
18,高雄市,1998/10,小港,12.5,0.81,35.4,97.0,-,44,12.7,31.52,2.65,0.39,2.26,27.57,-,-,-,-
19,高雄市,1998/10,鳳山,10.0,0.99,30.4,82.0,-,39,8.8,30.26,-,-,-,27.39,-,-,-,-
20,高雄市,1998/10,林園,9.0,0.56,41.7,83.0,69,20,4.2,15.96,2.59,0.35,2.24,26.71,-,-,-,-
21,高雄市,1998/10,大寮,9.8,0.85,35.1,95.0,-,32,5.02,27.44,2.83,0.4,2.42,27.5,-,-,-,-
22,高雄市,1998/10,仁武,9.7,0.69,37.3,88.0,-,39,10.23,28.37,2.49,0.36,2.12,26.94,-,-,-,-
23,高雄市,1998/10,橋頭,5.5,0.66,31.9,69.0,-,28,5.27,22.87,2.63,0.2,2.43,26.12,-,-,-,-
24,高雄市,1998/10,美濃,2.5,0.54,34.6,74.0,-,12,1.05,11.35,-,-,-,26.46,-,-,-,-
25,高雄市,1998/09,左營,6.7,0.8,41.8,75.0,-,29,6.29,22.37,2.49,0.31,2.17,28.6,-,-,-,-
26,高雄市,1998/09,楠梓,5.7,0.55,37.0,55.0,-,27,4.36,22.99,2.65,0.33,2.32,28.24,-,-,-,-
27,高雄市,1998/09,前金,9.1,0.91,38.4,78.0,-,30,5.76,23.85,-,-,-,28.4,-,-,-,-
28,高雄市,1998/09,前鎮,8.3,-,-,66.0,-,36,8.76,27.36,2.54,0.33,2.2,28.98,-,-,-,-
29,高雄市,1998/09,復興,10.2,1.3,-,89.0,-,45,13.84,30.69,2.9,0.75,2.15,28.49,-,-,-,-
30,高雄市,1998/09,小港,10.4,0.74,38.3,75.0,-,35,8.84,26.53,2.5,0.29,2.21,28.66,-,-,-,-
31,高雄市,1998/09,鳳山,8.8,0.98,33.9,68.0,42,31,5.18,25.7,-,-,-,28.92,-,-,-,-
32,高雄市,1998/09,林園,6.6,0.52,38.6,56.0,56,14,2.26,12.19,2.39,0.31,2.1,28.06,-,-,-,-
33,高雄市,1998/09,大寮,7.2,0.76,38.8,84.0,-,20,1.86,18.16,2.63,0.27,2.37,28.94,-,-,-,-
34,高雄市,1998/09,仁武,8.1,0.65,40.4,76.0,-,30,6.46,23.81,2.55,0.25,2.3,28.32,-,-,-,-
35,高雄市,1998/09,橋頭,7.6,0.6,34.5,66.0,-,23,3.69,19.14,2.53,0.14,2.39,27.52,-,-,-,-
36,高雄市,1998/09,美濃,1.9,0.54,38.1,66.0,-,10,0.81,9.42,-,-,-,27.55,-,-,-,-
37,高雄市,1998/08,左營,6.6,0.58,18.6,39.0,-,24,8.56,15.52,2.21,0.26,1.95,30.22,-,-,-,-
38,高雄市,1998/08,楠梓,5.6,0.4,17.1,30.0,-,26,8.48,17.13,2.57,0.38,2.17,29.62,-,-,-,-
39,高雄市,1998/08,前金,5.6,0.71,16.9,30.0,-,25,8.39,16.51,-,-,-,29.66,-,-,-,-
40,高雄市,1998/08,前鎮,9.9,-,-,36.0,-,30,11.22,18.32,2.28,0.33,1.93,29.88,-,-,-,-
41,高雄市,1998/08,復興,6.6,0.93,-,36.0,-,31,13.32,17.76,2.44,0.52,1.92,29.52,-,-,-,-
42,高雄市,1998/08,小港,9.8,0.61,14.5,40.0,-,29,11.18,17.88,2.26,0.21,2.04,29.61,-,-,-,-
43,高雄市,1998/08,鳳山,6.9,0.77,15.1,34.0,21,25,7.04,18.38,-,-,-,29.84,-,-,-,-
44,高雄市,1998/08,林園,3.0,0.31,18.1,47.0,36,10,1.45,8.41,2.1,0.22,1.88,29.07,-,-,-,-
45,高雄市,1998/08,大寮,5.1,0.6,17.1,44.0,-,17,2.99,13.17,2.46,0.25,2.2,29.79,-,-,-,-
46,高雄市,1998/08,仁武,5.5,0.46,22.3,34.0,-,21,5.77,15.26,2.43,0.16,2.27,29.53,-,-,-,-
47,高雄市,1998/08,橋頭,4.0,0.44,16.2,28.0,-,18,5.35,13.09,2.31,0.11,2.21,28.53,-,-,-,-
48,高雄市,1998/08,美濃,1.0,0.39,21.9,29.0,-,8,1.22,7.15,-,-,-,28.88,-,-,-,-
49,高雄市,1998/07,左營,5.7,0.48,15.9,29.0,-,18,6.48,11.95,2.13,0.2,1.93,29.41,-,-,-,-
50,高雄市,1998/07,楠梓,4.7,0.35,12.0,31.0,-,25,10.02,15.01,2.88,0.48,2.48,29.44,-,-,-,-
51,高雄市,1998/07,前金,3.0,0.61,14.9,23.0,-,20,6.23,12.72,-,-,-,29.08,-,-,-,-
52,高雄市,1998/07,前鎮,8.7,-,-,39.0,-,25,9.58,15.89,2.24,0.41,1.83,29.66,-,-,-,-
53,高雄市,1998/07,復興,6.4,0.73,-,30.0,-,28,11.19,16.99,2.14,0.37,1.77,29.25,-,-,-,-
54,高雄市,1998/07,小港,9.3,0.52,11.5,37.0,-,27,10.91,15.69,2.11,0.16,1.95,29.61,-,-,-,-
55,高雄市,1998/07,鳳山,5.9,0.69,12.7,29.0,19,23,7.16,15.57,-,-,-,29.92,-,-,-,-
56,高雄市,1998/07,林園,3.6,0.28,15.2,48.0,25,9,2.28,6.35,1.97,0.18,1.79,28.93,-,-,-,-
57,高雄市,1998/07,大寮,7.1,0.54,13.0,41.0,-,19,7.4,11.13,2.28,0.24,2.04,30.34,-,-,-,-
58,高雄市,1998/07,仁武,5.4,0.41,14.9,30.0,-,21,7.79,13.4,2.34,0.13,2.21,29.29,-,-,-,-
59,高雄市,1998/07,橋頭,4.3,0.43,11.3,23.0,-,21,10.06,11.41,2.33,0.11,2.22,28.51,-,-,-,-
60,高雄市,1998/07,美濃,1.3,0.34,17.2,26.0,-,9,1.77,7.66,-,-,-,29.25,-,-,-,-
61,高雄市,1998/06,左營,6.5,0.75,12.3,27.0,-,30,13.42,17.05,2.48,0.48,2.01,28.46,-,-,-,-
62,高雄市,1998/06,楠梓,8.2,0.5,10.6,30.0,-,35,16.18,18.32,2.58,0.46,2.12,28.55,-,-,-,-
63,高雄市,1998/06,前金,6.5,0.9,8.9,21.0,-,33,15.81,16.8,-,-,-,28.36,-,-,-,-
64,高雄市,1998/06,前鎮,13.0,-,-,38.0,-,39,19.32,19.44,2.53,0.69,1.85,28.46,-,-,-,-
65,高雄市,1998/06,復興,11.1,0.99,-,28.0,-,40,20.7,19.58,2.37,0.57,1.8,28.01,-,-,-,-
66,高雄市,1998/06,小港,16.4,0.94,8.0,38.0,-,39,20.35,18.61,2.27,0.23,2.04,28.39,-,-,-,-
67,高雄市,1998/06,鳳山,5.6,0.85,10.0,28.0,18,28,10.56,17.77,-,-,-,28.63,-,-,-,-
68,高雄市,1998/06,林園,2.1,0.31,12.9,26.0,18,8,1.82,6.33,2.17,0.25,1.92,27.88,-,-,-,-
69,高雄市,1998/06,大寮,4.2,0.54,12.4,32.0,-,14,4.36,9.8,2.46,0.25,2.21,28.7,-,-,-,-
70,高雄市,1998/06,仁武,5.0,0.54,14.5,26.0,-,22,8.09,14.32,2.39,0.18,2.22,28.29,-,-,-,-
71,高雄市,1998/06,橋頭,6.7,0.52,10.7,26.0,-,23,8.12,14.45,2.55,0.21,2.36,27.53,-,-,-,-
72,高雄市,1998/06,美濃,1.0,0.41,17.0,26.0,-,10,1.7,7.88,-,-,-,28.05,-,-,-,-
73,高雄市,1998/05,左營,8.5,0.75,26.1,48.0,-,30,8.39,21.63,2.51,0.32,2.2,28.0,-,-,-,-
74,高雄市,1998/05,楠梓,6.3,0.5,22.4,50.0,-,31,9.47,21.5,2.55,0.36,2.19,27.91,-,-,-,-
75,高雄市,1998/05,前金,7.9,0.81,22.7,57.0,-,30,8.73,21.3,-,-,-,27.92,-,-,-,-
76,高雄市,1998/05,前鎮,12.4,-,-,61.0,-,43,14.43,28.08,2.46,0.51,1.93,28.24,-,-,-,-
77,高雄市,1998/05,復興,11.5,1.04,-,52.0,-,44,17.66,26.34,2.58,0.65,1.93,27.88,-,-,-,-
78,高雄市,1998/05,小港,14.5,0.89,20.4,60.0,-,46,17.74,27.97,2.48,0.32,2.16,28.21,-,-,-,-
79,高雄市,1998/05,鳳山,9.8,0.84,20.2,56.0,31,33,8.81,24.63,-,-,-,28.43,-,-,-,-
80,高雄市,1998/05,林園,4.4,0.42,22.9,40.0,49,14,2.23,11.11,2.38,0.3,2.08,27.66,-,-,-,-
81,高雄市,1998/05,大寮,8.9,0.63,23.7,-,-,21,4.5,16.65,2.51,0.29,2.22,28.5,-,-,-,-
82,高雄市,1998/05,仁武,11.4,0.67,29.3,52.0,-,31,8.49,22.87,2.63,0.31,2.32,27.88,-,-,-,-
83,高雄市,1998/05,橋頭,5.9,0.6,24.2,60.0,-,26,6.13,19.48,2.49,0.16,2.34,27.04,-,-,-,-
84,高雄市,1998/05,美濃,1.4,0.46,23.9,43.0,-,11,1.08,9.51,-,-,-,27.48,-,-,-,-
85,高雄市,1998/04,左營,7.5,0.81,26.2,64.0,-,33,8.78,24.28,2.51,0.33,2.17,26.26,-,-,-,-
86,高雄市,1998/04,楠梓,6.5,0.57,22.0,61.0,-,37,12.24,25.15,2.73,0.46,2.25,26.16,-,-,-,-
87,高雄市,1998/04,前金,8.6,0.85,23.0,68.0,-,34,9.36,24.34,-,-,-,26.08,-,-,-,-
88,高雄市,1998/04,前鎮,14.0,-,-,71.0,-,45,13.8,31.44,2.84,0.73,2.11,26.44,-,-,-,-
89,高雄市,1998/04,復興,10.3,1.08,-,67.0,-,44,15.34,27.78,2.56,0.61,1.94,26.11,-,-,-,-
90,高雄市,1998/04,小港,14.9,0.9,22.3,71.0,-,46,15.46,30.99,2.47,0.3,2.17,26.56,-,-,-,-
91,高雄市,1998/04,鳳山,9.3,0.97,20.2,72.0,33,38,9.88,27.91,-,-,-,26.59,-,-,-,-
92,高雄市,1998/04,林園,4.7,0.43,25.4,56.0,49,13,2.19,11.26,2.24,0.28,1.96,25.92,-,-,-,-
93,高雄市,1998/04,大寮,7.2,0.65,25.3,73.0,-,23,4.61,18.3,2.59,0.3,2.29,26.7,-,-,-,-
94,高雄市,1998/04,仁武,8.4,0.7,21.1,65.0,-,32,6.9,25.39,2.69,0.33,2.36,26.01,-,-,-,-
95,高雄市,1998/04,橋頭,6.7,0.66,25.4,89.0,-,29,7.75,21.55,2.54,0.21,2.33,25.21,-,-,-,-
96,高雄市,1998/04,美濃,1.3,0.48,24.4,56.0,-,12,1.14,10.8,-,-,-,25.95,-,-,-,-
97,高雄市,1998/03,左營,9.4,0.94,27.5,100.0,-,51,13.62,37.02,2.92,0.42,2.48,22.49,-,-,-,-
98,高雄市,1998/03,楠梓,5.9,0.67,23.3,83.0,-,45,12.12,32.93,2.72,0.34,2.38,22.64,-,-,-,-
99,高雄市,1998/03,前金,12.7,1.04,23.3,101.0,-,48,13.65,34.58,-,-,-,23.14,-,-,-,-
100,高雄市,1998/03,前鎮,18.7,-,-,101.0,-,70,23.38,46.12,3.07,0.69,2.38,23.4,-,-,-,-
101,高雄市,1998/03,復興,14.5,1.57,-,119.0,-,78,33.03,45.35,3.03,0.91,2.13,23.24,-,-,-,-
102,高雄市,1998/03,小港,21.3,1.17,22.4,111.0,-,76,29.0,47.32,2.99,0.58,2.41,23.68,-,-,-,-
103,高雄市,1998/03,鳳山,17.3,1.23,21.5,115.0,52,64,22.08,42.01,-,-,-,23.57,-,-,-,-
104,高雄市,1998/03,林園,13.1,0.69,25.9,93.0,56,32,8.72,23.26,2.89,0.62,2.28,23.34,-,-,-,-
105,高雄市,1998/03,大寮,11.2,0.92,29.1,106.0,-,38,8.84,28.69,2.9,0.51,2.39,24.01,-,-,-,-
106,高雄市,1998/03,仁武,16.2,0.85,23.1,101.0,-,53,14.11,38.94,3.15,0.6,2.54,22.83,-,-,-,-
107,高雄市,1998/03,橋頭,6.8,0.81,23.8,97.0,-,41,11.34,30.14,2.67,0.26,2.41,21.96,-,-,-,-
108,高雄市,1998/03,美濃,2.2,0.66,28.5,88.0,-,19,1.96,17.35,-,-,-,23.34,-,-,-,-
109,高雄市,1998/02,左營,9.4,0.97,19.1,95.0,-,56,17.83,38.09,-,-,-,20.18,-,-,-,-
110,高雄市,1998/02,楠梓,5.6,0.64,18.1,74.0,-,48,15.43,32.85,2.7,0.35,2.34,20.04,-,-,-,-
111,高雄市,1998/02,前金,13.0,1.1,16.1,86.0,-,52,17.23,34.73,-,-,-,20.21,-,-,-,-
112,高雄市,1998/02,前鎮,18.2,-,-,85.0,-,76,29.61,45.91,3.05,0.72,2.33,20.83,-,-,-,-
113,高雄市,1998/02,復興,14.2,1.64,-,95.0,-,87,43.08,43.99,2.76,0.88,1.96,20.66,-,-,-,-
114,高雄市,1998/02,小港,22.1,1.16,13.0,99.0,-,85,38.86,46.18,3.03,0.63,2.41,21.0,-,-,-,-
115,高雄市,1998/02,鳳山,20.2,1.19,14.0,104.0,47,72,29.82,41.92,-,-,-,20.93,-,-,-,-
116,高雄市,1998/02,林園,17.8,0.7,17.4,87.0,52,41,13.37,27.31,3.08,0.76,2.32,21.13,-,-,-,-
117,高雄市,1998/02,大寮,13.6,0.9,17.7,103.0,-,42,12.39,29.91,3.0,0.54,2.45,21.47,-,-,-,-
118,高雄市,1998/02,仁武,16.9,0.79,16.7,88.0,-,50,15.25,34.75,2.9,0.56,2.34,20.3,-,-,-,-
119,高雄市,1998/02,橋頭,6.6,0.78,16.3,75.0,-,44,13.29,30.41,2.37,0.27,2.1,19.48,-,-,-,-
120,高雄市,1998/02,美濃,2.1,0.62,18.5,76.0,-,23,3.09,19.82,-,-,-,20.8,-,-,-,-
121,高雄市,1998/01,左營,10.2,0.88,24.9,100.0,-,47,12.72,34.31,-,-,-,19.6,-,-,-,-
122,高雄市,1998/01,楠梓,6.0,0.62,21.1,83.0,-,47,13.38,33.81,2.61,0.3,2.31,19.37,-,-,-,-
123,高雄市,1998/01,前金,15.8,1.05,22.7,95.0,-,45,12.34,32.97,-,-,-,19.69,-,-,-,-
124,高雄市,1998/01,前鎮,19.2,-,-,94.0,-,70,24.27,45.72,3.08,0.61,2.46,20.35,-,-,-,-
125,高雄市,1998/01,復興,15.5,1.61,-,119.0,-,91,43.5,47.18,3.09,0.93,2.16,20.16,-,-,-,-
126,高雄市,1998/01,小港,25.0,-,18.7,91.0,-,82,33.76,47.83,2.99,0.62,2.37,20.54,-,-,-,-
127,高雄市,1998/01,鳳山,-,1.44,13.3,115.0,52,65,24.1,41.13,-,-,-,20.41,-,-,-,-
128,高雄市,1998/01,林園,25.3,0.75,22.9,106.0,54,44,13.56,30.09,3.12,0.93,2.19,20.8,-,-,-,-
129,高雄市,1998/01,大寮,15.2,0.9,23.4,126.0,-,44,9.63,34.06,2.43,0.44,2.0,20.97,-,-,-,-
130,高雄市,1998/01,仁武,18.8,0.76,19.4,101.0,-,49,13.77,35.28,2.73,0.5,2.24,19.77,-,-,-,-
131,高雄市,1998/01,橋頭,7.4,0.81,21.4,86.0,-,44,12.52,31.57,2.42,0.25,2.17,19.23,-,-,-,-
132,高雄市,1998/01,美濃,2.6,0.67,25.4,91.0,-,24,3.24,20.48,-,-,-,20.6,-,-,-,-
133,高雄市,1997/12,左營,11.0,0.87,22.4,104.0,-,50,16.54,33.22,2.93,0.47,2.46,20.63,-,-,-,-
134,高雄市,1997/12,楠梓,6.6,0.66,20.0,97.0,-,52,17.71,34.19,2.66,0.27,2.39,20.51,-,-,-,-
135,高雄市,1997/12,前金,15.5,1.0,22.0,108.0,-,48,15.15,33.07,-,-,-,20.63,-,-,-,-
136,高雄市,1997/12,前鎮,19.1,-,-,103.0,-,76,30.43,45.55,-,-,-,21.36,-,-,-,-
137,高雄市,1997/12,復興,14.9,1.84,-,155.0,-,97,52.61,44.64,3.35,1.19,2.18,21.25,-,-,-,-
138,高雄市,1997/12,小港,26.7,-,17.3,122.0,-,88,40.55,47.01,3.07,0.68,2.39,21.47,-,-,-,-
139,高雄市,1997/12,鳳山,28.6,1.23,20.6,126.0,58,76,31.76,44.14,-,-,-,21.37,-,-,-,-
140,高雄市,1997/12,林園,20.0,0.79,22.0,114.0,59,46,15.27,31.7,3.18,0.95,2.22,21.46,-,-,-,-
141,高雄市,1997/12,大寮,15.9,0.92,21.7,136.0,-,47,12.06,34.66,2.99,0.57,2.45,22.01,-,-,-,-
142,高雄市,1997/12,仁武,21.1,0.73,16.8,109.0,-,61,24.34,37.16,2.82,0.55,2.27,20.84,-,-,-,-
143,高雄市,1997/12,橋頭,8.9,0.81,22.9,92.0,-,49,16.91,32.26,2.59,0.3,2.3,20.56,-,-,-,-
144,高雄市,1997/12,美濃,2.7,0.65,30.4,105.0,-,28,4.04,23.56,-,-,-,21.55,-,-,-,-
145,高雄市,1997/11,左營,10.9,0.94,35.3,106.0,-,43,10.77,32.39,3.14,0.52,2.62,24.02,-,-,-,-
146,高雄市,1997/11,楠梓,7.2,0.69,31.1,81.0,-,48,14.5,33.87,2.82,0.33,2.47,23.74,-,-,-,-
147,高雄市,1997/11,前金,12.4,1.02,34.1,104.0,-,40,8.06,31.97,-,-,-,23.98,-,-,-,-
148,高雄市,1997/11,前鎮,16.3,-,-,102.0,-,60,15.94,44.34,2.82,0.59,2.22,24.61,-,-,-,-
149,高雄市,1997/11,復興,15.2,1.72,-,122.0,-,77,31.18,45.44,3.25,0.89,2.34,24.38,-,-,-,-
150,高雄市,1997/11,小港,19.0,-,30.8,118.0,-,63,19.93,42.86,2.86,0.47,2.4,24.36,-,-,-,-
151,高雄市,1997/11,鳳山,17.8,1.13,32.0,109.0,57,55,14.58,40.24,-,-,-,24.59,-,-,-,-
152,高雄市,1997/11,林園,11.3,0.69,37.1,96.0,53,28,5.48,22.74,2.77,0.45,2.3,24.09,-,-,-,-
153,高雄市,1997/11,大寮,16.3,0.85,34.3,127.0,-,38,7.72,30.12,2.93,0.56,2.37,24.88,-,-,-,-
154,高雄市,1997/11,仁武,14.8,0.69,28.0,105.0,-,51,13.78,37.18,3.03,1.09,1.96,23.97,-,-,-,-
155,高雄市,1997/11,橋頭,9.0,0.73,37.0,100.0,-,39,10.26,28.42,2.6,0.24,2.36,22.82,-,-,-,-
156,高雄市,1997/11,美濃,3.8,0.55,38.4,93.0,-,18,1.2,16.66,-,-,-,24.26,-,-,-,-
157,高雄市,1997/10,左營,10.4,0.84,43.4,94.0,-,35,6.29,28.3,2.91,0.38,2.56,26.64,-,-,-,-
158,高雄市,1997/10,楠梓,6.8,0.68,37.9,94.0,-,36,7.09,29.19,2.94,0.32,2.62,26.53,-,-,-,-
159,高雄市,1997/10,前金,12.4,0.91,42.7,99.0,-,32,5.7,26.62,-,-,-,26.55,-,-,-,-
160,高雄市,1997/10,前鎮,15.9,-,-,96.0,-,47,9.55,37.32,2.8,0.41,2.4,27.23,-,-,-,-
161,高雄市,1997/10,復興,12.4,1.34,-,121.0,-,57,20.76,36.64,3.06,0.75,2.31,27.06,-,-,-,-
162,高雄市,1997/10,小港,14.9,0.88,40.2,108.0,-,47,11.24,35.37,2.82,0.4,2.41,26.96,-,-,-,-
163,高雄市,1997/10,鳳山,14.6,1.03,38.2,111.0,58,44,8.37,36.07,-,-,-,27.24,-,-,-,-
164,高雄市,1997/10,林園,8.3,0.6,45.6,90.0,54,19,2.59,16.21,2.47,0.29,2.18,26.52,-,-,-,-
165,高雄市,1997/10,大寮,11.0,0.83,39.2,118.0,-,29,3.11,25.59,2.78,0.35,2.43,27.53,-,-,-,-
166,高雄市,1997/10,仁武,11.2,0.71,35.8,111.0,-,42,10.21,32.65,2.76,0.43,2.33,26.62,-,-,-,-
167,高雄市,1997/10,橋頭,8.5,0.74,44.3,96.0,-,33,6.51,26.16,2.63,0.22,2.41,25.34,-,-,-,-
168,高雄市,1997/10,美濃,3.8,0.6,41.5,98.0,-,15,0.63,14.55,-,-,-,26.71,-,-,-,-
169,高雄市,1997/09,左營,7.9,0.77,30.0,53.0,-,32,8.09,23.45,2.44,0.36,2.09,27.34,-,-,-,-
170,高雄市,1997/09,楠梓,7.4,0.58,26.3,66.0,-,33,8.71,23.96,2.93,0.37,2.56,27.26,-,-,-,-
171,高雄市,1997/09,前金,9.4,0.81,28.6,69.0,-,30,8.41,21.76,-,-,-,27.17,-,-,-,-
172,高雄市,1997/09,前鎮,15.4,-,-,55.0,-,40,11.8,28.1,2.66,0.41,2.25,27.92,-,-,-,-
173,高雄市,1997/09,復興,17.2,0.88,-,73.0,-,43,16.8,26.26,2.96,0.69,2.26,27.54,-,-,-,-
174,高雄市,1997/09,小港,14.6,0.73,26.1,59.0,-,38,11.5,26.06,2.55,0.31,2.25,27.58,-,-,-,-
175,高雄市,1997/09,鳳山,7.0,0.89,24.9,70.0,38,38,10.73,27.12,-,-,-,27.72,-,-,-,-
176,高雄市,1997/09,林園,4.6,0.44,33.4,55.0,36,14,2.17,10.7,-,-,-,27.05,-,-,-,-
177,高雄市,1997/09,大寮,7.9,0.63,28.4,69.0,-,20,3.01,17.45,2.57,0.24,2.32,27.94,-,-,-,-
178,高雄市,1997/09,仁武,9.3,0.57,25.9,70.0,-,33,9.32,24.09,2.69,0.32,2.37,27.15,-,-,-,-
179,高雄市,1997/09,橋頭,6.5,0.6,30.3,61.0,-,26,6.44,19.84,2.48,0.16,2.32,25.91,-,-,-,-
180,高雄市,1997/09,美濃,2.5,0.48,30.4,64.0,-,11,0.86,10.42,-,-,-,26.85,-,-,-,-
181,高雄市,1997/08,左營,6.6,0.68,18.8,35.0,-,-,-,-,2.37,0.37,2.01,28.3,-,-,-,-
182,高雄市,1997/08,楠梓,4.8,0.5,16.3,45.0,-,28,9.98,18.26,2.75,0.36,2.38,28.14,-,-,-,-
183,高雄市,1997/08,前金,7.2,0.77,15.8,52.0,-,26,9.38,16.17,-,-,-,28.15,-,-,-,-
184,高雄市,1997/08,前鎮,15.2,-,-,46.0,-,35,13.03,21.6,2.6,0.52,2.08,28.45,-,-,-,-
185,高雄市,1997/08,復興,8.8,1.0,-,50.0,-,36,16.04,20.44,2.63,0.6,2.02,28.1,-,-,-,-
186,高雄市,1997/08,小港,13.3,0.87,13.6,47.0,-,33,13.53,19.21,2.34,0.24,2.1,28.3,-,-,-,-
187,高雄市,1997/08,鳳山,4.2,0.77,14.7,47.0,29,29,8.65,20.07,-,-,-,28.35,-,-,-,-
188,高雄市,1997/08,林園,3.2,0.38,19.5,53.0,-,9,1.84,7.42,2.18,0.21,1.96,27.84,-,-,-,-
189,高雄市,1997/08,大寮,5.3,0.54,16.1,43.0,-,-,-,-,2.41,0.17,2.24,28.52,-,-,-,-
190,高雄市,1997/08,仁武,4.4,0.49,16.6,50.0,-,24,8.58,15.33,2.48,0.23,2.25,28.07,-,-,-,-
191,高雄市,1997/08,橋頭,5.1,0.52,18.2,42.0,-,20,5.99,14.35,2.39,0.16,2.23,26.85,-,-,-,-
192,高雄市,1997/08,美濃,1.0,0.41,19.7,42.0,-,9,1.09,7.5,-,-,-,27.66,-,-,-,-
193,高雄市,1997/07,左營,8.6,0.66,22.0,37.0,-,28,12.02,15.8,2.57,0.45,2.12,28.76,-,-,-,-
194,高雄市,1997/07,楠梓,7.5,0.48,19.9,42.0,-,30,11.51,18.78,2.68,0.33,2.36,28.68,-,-,-,-
195,高雄市,1997/07,前金,9.1,0.73,18.8,43.0,-,30,12.84,16.69,-,-,-,28.72,-,-,-,-
196,高雄市,1997/07,前鎮,19.5,-,-,47.0,-,36,15.2,21.01,2.64,0.56,2.07,28.28,-,-,-,-
197,高雄市,1997/07,復興,12.5,0.99,-,45.0,-,37,17.82,19.43,2.98,0.76,2.23,28.59,-,-,-,-
198,高雄市,1997/07,小港,14.6,0.84,18.1,47.0,-,33,13.47,19.03,2.39,0.25,2.13,28.87,-,-,-,-
199,高雄市,1997/07,鳳山,4.3,0.78,19.4,47.0,27,28,8.56,19.69,-,-,-,29.07,-,-,-,-
200,高雄市,1997/07,林園,2.0,0.32,21.5,38.0,23,8,1.26,6.27,2.51,0.21,2.29,28.33,-,-,-,-
201,高雄市,1997/07,大寮,9.2,0.53,19.7,36.0,-,14,2.76,11.2,2.6,0.18,2.41,29.1,-,-,-,-
202,高雄市,1997/07,仁武,5.0,0.48,20.1,49.0,-,25,8.1,16.63,2.49,0.23,2.25,28.6,-,-,-,-
203,高雄市,1997/07,橋頭,5.9,0.51,21.4,38.0,-,23,8.56,14.19,2.36,0.14,2.22,27.2,-,-,-,-
204,高雄市,1997/07,美濃,1.1,0.38,23.7,40.0,-,9,1.03,7.84,-,-,-,27.8,-,-,-,-
205,高雄市,1997/06,左營,5.0,0.66,18.0,29.0,-,26,8.82,17.46,2.45,0.41,2.05,27.39,-,-,-,-
206,高雄市,1997/06,楠梓,8.1,0.5,13.6,39.0,-,33,10.75,21.99,2.81,0.46,2.35,27.57,-,-,-,-
207,高雄市,1997/06,前金,7.6,0.67,15.9,38.0,-,30,12.78,17.0,-,-,-,27.55,-,-,-,-
208,高雄市,1997/06,前鎮,17.2,-,-,-,-,36,13.88,22.34,2.67,0.57,2.1,26.73,-,-,-,-
209,高雄市,1997/06,復興,6.6,0.92,-,36.0,-,31,12.71,18.06,-,-,-,27.08,-,-,-,-
210,高雄市,1997/06,小港,15.6,0.9,12.6,39.0,-,36,14.53,21.94,2.36,0.31,2.06,27.36,-,-,-,-
211,高雄市,1997/06,鳳山,6.0,0.77,14.8,36.0,20,27,7.19,19.66,-,-,-,27.8,-,-,-,-
212,高雄市,1997/06,林園,2.2,0.32,19.6,-,17,-,-,-,-,-,-,26.63,-,-,-,-
213,高雄市,1997/06,大寮,3.0,0.51,16.8,24.0,-,10,1.58,8.91,-,-,-,27.88,-,-,-,-
214,高雄市,1997/06,仁武,6.4,0.51,18.4,37.0,-,22,6.2,16.28,2.37,0.21,2.16,27.21,-,-,-,-
215,高雄市,1997/06,橋頭,6.0,0.55,14.3,30.0,-,23,6.57,16.28,2.39,0.21,2.18,26.13,-,-,-,-
216,高雄市,1997/06,美濃,1.4,0.38,19.8,33.0,-,9,1.11,7.71,-,-,-,26.95,-,-,-,-
217,高雄市,1997/05,左營,8.6,0.6,-,55.0,-,23,5.43,17.4,2.62,0.43,2.19,27.01,-,-,-,-
218,高雄市,1997/05,楠梓,7.4,0.53,22.7,64.0,-,34,11.0,23.14,2.79,0.36,2.45,27.19,-,-,-,-
219,高雄市,1997/05,前金,9.8,0.71,25.0,59.0,-,27,8.56,17.93,-,-,-,26.96,-,-,-,-
220,高雄市,1997/05,前鎮,15.3,-,-,59.0,-,32,8.31,23.47,2.64,0.47,2.17,26.66,-,-,-,-
221,高雄市,1997/05,復興,-,0.95,-,68.0,-,37,13.04,23.7,2.53,0.53,2.0,27.02,-,-,-,-
222,高雄市,1997/05,小港,14.8,0.77,22.3,62.0,-,39,12.53,26.27,2.49,0.29,2.2,27.51,-,-,-,-
223,高雄市,1997/05,鳳山,9.7,0.83,23.0,63.0,33,33,7.78,25.48,-,-,-,27.57,-,-,-,-
224,高雄市,1997/05,林園,6.5,0.41,28.5,-,39,12,2.17,9.9,2.43,0.23,2.21,26.85,-,-,-,-
225,高雄市,1997/05,大寮,10.1,-,25.1,-,-,21,4.07,17.13,-,-,-,27.91,-,-,-,-
226,高雄市,1997/05,仁武,10.3,0.56,22.5,68.0,-,32,9.36,22.81,2.57,0.31,2.25,26.91,-,-,-,-
227,高雄市,1997/05,橋頭,6.4,0.59,24.6,53.0,-,25,6.84,18.27,2.39,0.14,2.24,25.71,-,-,-,-
228,高雄市,1997/05,美濃,2.5,0.43,29.1,57.0,-,11,0.86,10.58,-,-,-,27.11,-,-,-,-
229,高雄市,1997/04,左營,12.0,0.79,-,86.0,-,33,7.06,26.0,-,-,-,25.1,-,-,-,-
230,高雄市,1997/04,楠梓,7.7,0.6,28.0,93.0,-,38,9.24,28.42,2.74,0.31,2.43,25.17,-,-,-,-
231,高雄市,1997/04,前金,13.4,0.79,31.2,102.0,-,32,6.62,25.48,-,-,-,25.0,-,-,-,-
232,高雄市,1997/04,前鎮,18.4,-,-,90.0,-,42,10.97,30.83,2.72,0.47,2.25,24.94,-,-,-,-
233,高雄市,1997/04,復興,9.0,1.24,-,101.0,-,46,16.6,29.42,2.84,0.66,2.18,25.44,-,-,-,-
234,高雄市,1997/04,小港,16.7,0.77,28.2,91.0,-,49,15.29,34.15,2.72,0.35,2.37,25.71,-,-,-,-
235,高雄市,1997/04,鳳山,15.7,0.9,27.8,105.0,-,44,10.73,32.95,-,-,-,25.96,-,-,-,-
236,高雄市,1997/04,林園,9.9,0.54,35.2,92.0,-,19,3.27,15.8,2.6,0.3,2.3,25.41,-,-,-,-
237,高雄市,1997/04,大寮,14.0,0.76,33.1,108.0,-,30,5.39,24.93,-,-,-,-,-,-,-,-
238,高雄市,1997/04,仁武,17.0,0.69,28.2,104.0,-,43,12.08,30.54,2.85,0.5,2.28,25.09,-,-,-,-
239,高雄市,1997/04,橋頭,8.5,0.71,30.1,89.0,-,31,7.09,24.34,2.52,0.18,2.34,23.9,-,-,-,-
240,高雄市,1997/04,美濃,3.5,0.52,35.0,86.0,-,15,0.82,14.23,-,-,-,25.47,-,-,-,-
241,高雄市,1997/03,左營,9.9,0.81,-,89.0,-,37,8.58,28.86,-,-,-,22.37,-,-,-,-
242,高雄市,1997/03,楠梓,7.4,0.6,26.4,101.0,-,44,12.23,32.01,2.7,0.3,2.4,21.89,-,-,-,-
243,高雄市,1997/03,前金,10.9,0.85,29.4,109.0,-,39,8.37,30.27,-,-,-,22.28,-,-,-,-
244,高雄市,1997/03,前鎮,17.4,-,-,95.0,-,48,12.75,35.07,2.86,0.57,2.29,22.24,-,-,-,-
245,高雄市,1997/03,復興,14.2,1.32,-,113.0,-,58,24.44,33.52,2.88,0.74,2.14,22.76,-,-,-,-
246,高雄市,1997/03,小港,16.7,0.74,25.2,100.0,-,56,17.32,38.81,2.9,0.48,2.42,22.78,-,-,-,-
247,高雄市,1997/03,鳳山,15.1,0.89,25.7,115.0,-,48,12.09,36.12,-,-,-,23.06,-,-,-,-
248,高雄市,1997/03,林園,10.7,0.58,34.8,103.0,-,24,5.0,19.42,2.96,0.62,2.34,22.85,-,-,-,-
249,高雄市,1997/03,大寮,-,0.79,30.7,113.0,-,34,6.01,27.64,-,-,-,23.68,-,-,-,-
250,高雄市,1997/03,仁武,16.4,0.66,24.8,99.0,-,44,12.96,31.25,2.83,0.54,2.29,22.32,-,-,-,-
251,高雄市,1997/03,橋頭,7.3,0.69,30.1,95.0,-,36,8.68,26.96,2.51,0.19,2.33,22.36,-,-,-,-
252,高雄市,1997/03,美濃,3.0,0.5,33.4,103.0,-,18,1.3,16.48,-,-,-,22.82,-,-,-,-
253,高雄市,1997/02,左營,7.5,0.84,15.4,91.0,-,43,12.81,30.65,3.01,0.5,2.51,18.21,-,-,-,-
254,高雄市,1997/02,楠梓,4.7,0.59,15.6,93.0,-,46,13.2,32.84,2.66,0.25,2.42,18.17,-,-,-,-
255,高雄市,1997/02,前金,-,-,-,-,-,-,-,-,-,-,-,-,-,-,-,-
256,高雄市,1997/02,前鎮,14.9,-,-,103.0,-,64,24.07,40.24,2.88,0.56,2.31,18.35,-,-,-,-
257,高雄市,1997/02,復興,13.4,1.57,-,123.0,-,74,36.66,37.37,3.13,0.85,2.28,18.93,-,-,-,-
258,高雄市,1997/02,小港,22.4,1.0,17.3,117.0,-,81,33.93,47.34,3.09,0.69,2.4,19.17,-,-,-,-
259,高雄市,1997/02,鳳山,26.9,1.09,16.6,124.0,-,71,28.52,42.74,-,-,-,19.16,-,-,-,-
260,高雄市,1997/02,林園,21.3,0.82,23.5,128.0,-,49,17.72,31.55,3.82,1.57,2.25,19.64,-,-,-,-
261,高雄市,1997/02,大寮,16.2,0.8,23.5,124.0,-,43,11.54,31.84,-,-,-,19.85,-,-,-,-
262,高雄市,1997/02,仁武,23.5,0.72,6.4,100.0,-,55,20.85,33.96,2.93,0.57,2.37,18.41,-,-,-,-
263,高雄市,1997/02,橋頭,5.5,0.7,18.9,91.0,-,41,11.62,28.91,2.54,0.2,2.33,18.57,-,-,-,-
264,高雄市,1997/02,美濃,2.5,0.58,26.1,102.0,-,22,2.46,19.42,-,-,-,19.41,-,-,-,-
265,高雄市,1997/01,左營,9.5,0.88,15.5,119.0,-,50,15.05,34.82,3.07,0.58,2.53,17.78,-,-,-,-
266,高雄市,1997/01,楠梓,6.6,0.6,16.7,122.0,-,54,18.03,36.2,2.62,0.27,2.34,17.61,-,-,-,-
267,高雄市,1997/01,前金,17.0,1.05,21.1,152.0,-,56,18.32,37.61,-,-,-,18.21,-,-,-,-
268,高雄市,1997/01,前鎮,15.3,-,-,117.0,-,75,29.67,45.8,2.93,0.66,2.27,17.87,-,-,-,-
269,高雄市,1997/01,復興,11.0,1.47,-,155.0,-,82,43.06,39.01,3.58,1.14,2.44,18.37,-,-,-,-
270,高雄市,1997/01,小港,23.7,1.14,16.1,127.0,-,97,45.25,51.59,3.15,0.72,2.43,18.52,-,-,-,-
271,高雄市,1997/01,鳳山,24.1,1.11,18.7,147.0,-,83,35.72,46.84,-,-,-,18.43,-,-,-,-
272,高雄市,1997/01,林園,22.2,0.84,27.4,150.0,-,52,17.89,33.75,3.68,1.42,2.25,18.9,-,-,-,-
273,高雄市,1997/01,大寮,16.7,0.79,25.2,148.0,-,49,13.12,35.54,-,-,-,19.09,-,-,-,-
274,高雄市,1997/01,仁武,21.2,0.74,5.9,120.0,-,65,25.38,39.5,2.98,0.65,2.33,17.94,-,-,-,-
275,高雄市,1997/01,橋頭,7.0,0.75,19.1,111.0,-,49,15.7,33.17,2.57,0.29,2.28,18.15,-,-,-,-
276,高雄市,1997/01,美濃,3.3,0.61,27.8,127.0,-,27,3.75,23.14,-,-,-,18.59,-,-,-,-
277,高雄市,1996/12,左營,11.8,0.94,18.0,126.0,-,55,16.83,38.02,3.44,0.73,2.71,19.25,-,-,-,-
278,高雄市,1996/12,楠梓,7.6,0.65,21.2,145.0,-,57,17.55,38.45,2.76,0.36,2.4,18.93,-,-,-,-
279,高雄市,1996/12,前金,-,-,-,-,-,-,-,-,-,-,-,-,-,-,-,-
280,高雄市,1996/12,前鎮,17.6,-,-,139.0,-,75,26.1,48.59,2.88,0.67,2.21,19.39,-,-,-,-
281,高雄市,1996/12,復興,15.3,1.79,-,155.0,-,97,49.54,47.29,3.82,1.26,2.56,19.96,-,-,-,-
282,高雄市,1996/12,小港,26.6,1.23,22.4,149.0,-,97,41.32,55.23,3.22,0.77,2.45,20.1,-,-,-,-
283,高雄市,1996/12,鳳山,29.1,1.22,22.7,161.0,-,83,31.2,52.16,-,-,-,20.15,-,-,-,-
284,高雄市,1996/12,林園,25.7,0.82,33.0,195.0,-,53,15.8,37.29,3.58,1.2,2.38,20.58,-,-,-,-
285,高雄市,1996/12,大寮,21.5,0.94,29.4,168.0,-,49,10.47,39.0,-,-,-,20.62,-,-,-,-
286,高雄市,1996/12,仁武,23.5,0.82,7.9,139.0,-,68,25.38,42.26,3.07,0.74,2.33,19.58,-,-,-,-
287,高雄市,1996/12,橋頭,9.1,0.78,21.6,123.0,-,53,17.5,35.54,2.67,0.32,2.35,19.6,-,-,-,-
288,高雄市,1996/12,美濃,3.7,0.6,35.8,142.0,-,26,2.32,23.33,-,-,-,19.91,-,-,-,-
289,高雄市,1996/11,左營,9.2,0.92,23.5,102.0,-,41,10.65,30.36,3.16,0.5,2.65,23.8,-,-,-,-
290,高雄市,1996/11,楠梓,6.5,0.7,23.1,136.0,-,47,14.51,32.01,2.9,0.35,2.47,23.73,-,-,-,-
291,高雄市,1996/11,前金,13.8,1.05,30.0,135.0,-,42,10.67,30.98,-,-,-,23.91,-,-,-,-
292,高雄市,1996/11,前鎮,14.8,-,-,129.0,-,63,20.57,41.93,2.85,0.53,2.32,23.72,-,-,-,-
293,高雄市,1996/11,復興,13.7,1.72,-,135.0,-,73,33.14,39.94,3.36,1.04,2.31,24.45,-,-,-,-
294,高雄市,1996/11,小港,20.7,1.24,26.1,137.0,-,78,29.75,48.25,3.13,0.67,2.49,24.33,-,-,-,-
295,高雄市,1996/11,鳳山,26.0,1.26,26.1,135.0,-,67,22.37,44.97,-,-,-,24.53,-,-,-,-
296,高雄市,1996/11,林園,16.8,0.73,40.3,173.0,-,36,10.5,30.3,3.28,0.71,2.57,24.68,-,-,-,-
297,高雄市,1996/11,大寮,18.0,1.01,32.4,145.0,-,44,9.53,35.22,-,-,-,24.83,-,-,-,-
298,高雄市,1996/11,仁武,17.1,0.77,20.3,125.0,-,56,19.19,36.6,3.0,0.67,2.34,23.94,-,-,-,-
299,高雄市,1996/11,橋頭,7.9,0.82,25.1,115.0,-,42,12.97,29.07,2.61,0.27,2.34,23.94,-,-,-,-
300,高雄市,1996/11,美濃,3.5,0.63,37.9,121.0,-,21,1.97,18.77,-,-,-,23.55,-,-,-,-
301,高雄市,1996/10,左營,9.5,0.99,28.3,92.0,-,37,9.36,27.67,3.17,0.45,2.72,26.14,-,-,-,-
302,高雄市,1996/10,楠梓,4.9,0.67,26.6,105.0,-,38,9.85,28.35,2.91,0.35,2.55,26.07,-,-,-,-
303,高雄市,1996/10,前金,11.3,1.03,35.8,107.0,-,-,-,-,-,-,-,26.42,-,-,-,-
304,高雄市,1996/10,前鎮,15.5,-,-,96.0,-,50,13.69,36.68,2.8,0.46,2.34,26.02,-,-,-,-
305,高雄市,1996/10,復興,13.3,1.62,-,108.0,-,61,24.53,36.06,3.09,0.87,2.22,26.63,-,-,-,-
306,高雄市,1996/10,小港,16.1,1.05,31.0,94.0,-,53,15.65,36.99,2.92,0.47,2.45,26.55,-,-,-,-
307,高雄市,1996/10,鳳山,15.7,1.18,31.7,107.0,-,47,10.43,36.09,-,-,-,26.7,-,-,-,-
308,高雄市,1996/10,林園,8.4,0.63,43.7,121.0,-,21,3.48,18.91,2.91,0.39,2.52,26.64,-,-,-,-
309,高雄市,1996/10,大寮,11.7,0.89,36.2,114.0,-,29,3.84,25.15,-,-,-,26.88,-,-,-,-
310,高雄市,1996/10,仁武,15.2,0.78,26.7,98.0,-,43,12.47,30.92,-,-,-,26.3,-,-,-,-
311,高雄市,1996/10,橋頭,6.0,0.79,29.1,94.0,-,34,8.78,25.36,2.57,0.22,2.35,25.89,-,-,-,-
312,高雄市,1996/10,美濃,3.0,0.6,38.8,88.0,-,15,1.01,14.27,-,-,-,25.14,-,-,-,-
313,高雄市,1996/09,左營,7.5,0.73,31.0,49.0,-,21,4.04,17.92,2.56,0.27,2.29,28.46,-,-,-,-
314,高雄市,1996/09,楠梓,5.2,0.51,23.0,62.0,-,26,5.95,20.3,2.75,0.35,2.4,28.44,-,-,-,-
315,高雄市,1996/09,前金,6.3,0.79,30.5,63.0,-,20,3.52,16.93,-,-,-,29.25,-,-,-,-
316,高雄市,1996/09,前鎮,9.9,-,-,52.0,-,27,5.21,22.14,2.36,0.27,2.09,28.05,-,-,-,-
317,高雄市,1996/09,復興,9.9,1.26,-,60.0,-,37,11.74,24.25,2.79,0.62,2.16,28.75,-,-,-,-
318,高雄市,1996/09,小港,9.2,0.74,25.6,54.0,-,31,6.7,23.96,2.47,0.25,2.21,28.49,-,-,-,-
319,高雄市,1996/09,鳳山,10.6,0.93,26.7,63.0,-,30,4.33,25.72,-,-,-,28.81,-,-,-,-
320,高雄市,1996/09,林園,5.9,0.45,33.8,62.0,-,13,2.03,10.95,2.74,0.47,2.27,28.77,-,-,-,-
321,高雄市,1996/09,大寮,7.9,0.63,29.8,60.0,-,20,2.41,17.13,-,-,-,28.95,-,-,-,-
322,高雄市,1996/09,仁武,10.5,0.59,24.0,62.0,-,29,7.15,22.17,2.29,0.34,1.94,28.68,-,-,-,-
323,高雄市,1996/09,橋頭,5.7,0.61,36.4,63.0,-,21,3.81,16.79,2.32,0.15,2.17,28.1,-,-,-,-
324,高雄市,1996/09,美濃,2.1,0.45,32.8,52.0,-,10,0.55,9.7,-,-,-,27.24,-,-,-,-
325,高雄市,1996/08,左營,6.8,0.72,20.2,28.0,-,23,8.35,14.4,2.47,0.26,2.21,28.39,-,-,-,-
326,高雄市,1996/08,楠梓,5.4,0.43,12.8,37.0,-,24,8.15,15.69,2.66,0.34,2.32,28.38,-,-,-,-
327,高雄市,1996/08,前金,7.2,0.74,15.5,51.0,-,25,8.69,16.07,-,-,-,28.66,-,-,-,-
328,高雄市,1996/08,前鎮,14.1,-,-,43.0,-,30,10.77,19.25,2.32,0.32,2.0,27.92,-,-,-,-
329,高雄市,1996/08,復興,-,-,-,-,-,-,-,-,-,-,-,-,-,-,-,-
330,高雄市,1996/08,小港,11.1,0.74,14.2,42.0,-,30,11.21,18.72,2.34,0.21,2.13,28.43,-,-,-,-
331,高雄市,1996/08,鳳山,7.4,0.79,17.5,42.0,-,27,6.97,19.54,-,-,-,28.53,-,-,-,-
332,高雄市,1996/08,林園,3.7,0.34,22.1,41.0,-,9,1.62,7.24,2.52,0.35,2.17,28.43,-,-,-,-
333,高雄市,1996/08,大寮,7.4,0.58,21.0,41.0,-,17,3.06,14.16,-,-,-,28.79,-,-,-,-
334,高雄市,1996/08,仁武,7.8,0.49,15.8,45.0,-,24,8.5,15.13,2.44,0.28,2.15,28.49,-,-,-,-
335,高雄市,1996/08,橋頭,4.8,0.51,25.9,49.0,-,20,7.47,12.68,2.31,0.16,2.15,27.99,-,-,-,-
336,高雄市,1996/08,美濃,1.5,0.36,23.2,27.0,-,9,1.05,7.98,-,-,-,26.88,-,-,-,-
337,高雄市,1996/07,左營,8.4,0.65,24.0,33.0,-,24,8.66,14.95,2.63,0.25,2.38,29.62,-,-,-,-
338,高雄市,1996/07,楠梓,6.9,0.42,14.2,44.0,-,25,9.08,16.1,2.61,0.34,2.27,29.56,-,-,-,-
339,高雄市,1996/07,前金,7.2,0.66,17.1,47.0,-,23,7.73,14.87,-,-,-,29.95,-,-,-,-
340,高雄市,1996/07,前鎮,15.5,-,-,44.0,-,31,11.45,19.08,2.41,0.41,2.0,29.2,-,-,-,-
341,高雄市,1996/07,復興,10.6,1.09,-,41.0,-,35,15.26,20.08,-,-,-,29.43,-,-,-,-
342,高雄市,1996/07,小港,11.0,0.82,14.4,39.0,-,30,10.9,18.65,2.3,0.23,2.07,29.71,-,-,-,-
343,高雄市,1996/07,鳳山,8.6,0.78,17.5,47.0,-,28,7.65,19.9,-,-,-,29.82,-,-,-,-
344,高雄市,1996/07,林園,2.2,0.31,13.3,48.0,-,10,2.14,7.91,2.56,0.63,1.66,29.38,-,-,-,-
345,高雄市,1996/07,大寮,6.3,0.49,20.3,41.0,-,16,2.97,13.0,-,-,-,29.82,-,-,-,-
346,高雄市,1996/07,仁武,5.4,0.47,15.7,43.0,-,22,7.2,14.69,2.43,0.28,2.16,29.93,-,-,-,-
347,高雄市,1996/07,橋頭,6.2,0.47,28.6,45.0,-,21,7.55,13.71,2.21,0.16,2.06,29.01,-,-,-,-
348,高雄市,1996/07,美濃,1.9,0.38,25.7,40.0,-,11,1.28,9.28,-,-,-,28.22,-,-,-,-
349,高雄市,1996/06,左營,8.7,0.57,19.4,24.0,-,22,9.11,12.48,2.31,0.21,2.1,29.2,-,-,-,-
350,高雄市,1996/06,楠梓,9.5,0.44,9.7,39.0,-,30,13.27,16.71,2.51,0.34,2.17,29.36,-,-,-,-
351,高雄市,1996/06,前金,8.5,0.64,11.3,39.0,-,23,9.77,13.22,-,-,-,29.51,-,-,-,-
352,高雄市,1996/06,前鎮,17.3,-,-,39.0,-,29,12.57,16.74,2.32,0.43,1.89,28.59,-,-,-,-
353,高雄市,1996/06,小港,15.8,0.91,10.2,39.0,-,29,14.11,15.02,2.24,0.21,2.04,29.27,-,-,-,-
354,高雄市,1996/06,鳳山,9.2,0.75,12.6,43.0,-,28,9.6,18.45,-,-,-,29.77,-,-,-,-
355,高雄市,1996/06,林園,3.3,0.29,15.6,34.0,-,8,2.27,6.02,2.09,0.26,1.83,28.87,-,-,-,-
356,高雄市,1996/06,大寮,5.8,0.39,15.3,34.0,-,15,4.11,11.1,-,-,-,28.81,-,-,-,-
357,高雄市,1996/06,仁武,8.0,0.45,12.3,37.0,-,22,8.91,13.58,2.3,0.28,2.02,29.42,-,-,-,-
358,高雄市,1996/06,橋頭,8.6,0.56,19.4,38.0,-,21,9.46,11.95,2.25,0.19,2.06,28.94,-,-,-,-
359,高雄市,1996/06,美濃,1.8,0.36,21.5,39.0,-,11,1.32,9.6,-,-,-,28.04,-,-,-,-
360,高雄市,1996/05,左營,8.3,0.72,33.8,51.0,-,25,5.43,19.32,2.64,0.32,2.31,25.89,-,-,-,-
361,高雄市,1996/05,楠梓,7.0,0.56,24.3,68.0,-,31,8.06,23.15,2.74,0.36,2.38,26.03,-,-,-,-
362,高雄市,1996/05,前金,9.6,0.84,29.0,67.0,-,27,6.38,20.8,-,-,-,26.09,-,-,-,-
363,高雄市,1996/05,前鎮,15.8,-,-,70.0,-,40,11.3,28.69,2.55,0.32,2.23,25.64,-,-,-,-
364,高雄市,1996/05,小港,13.5,0.8,24.7,68.0,-,39,10.8,27.86,2.53,0.31,2.23,26.65,-,-,-,-
365,高雄市,1996/05,鳳山,13.0,0.98,24.6,75.0,-,39,8.98,29.75,-,-,-,26.44,-,-,-,-
366,高雄市,1996/05,林園,6.6,0.43,34.6,73.0,-,12,1.86,10.57,2.32,0.31,2.01,25.9,-,-,-,-
367,高雄市,1996/05,大寮,12.4,0.62,29.4,60.0,-,21,2.97,17.95,-,-,-,25.76,-,-,-,-
368,高雄市,1996/05,仁武,11.3,0.66,21.1,65.0,-,33,9.16,23.83,2.59,0.38,2.21,26.44,-,-,-,-
369,高雄市,1996/05,橋頭,6.3,0.63,25.1,62.0,-,24,5.04,18.53,2.38,0.17,2.2,25.76,-,-,-,-
370,高雄市,1996/05,美濃,2.8,0.51,31.8,66.0,-,13,1.09,12.1,-,-,-,24.84,-,-,-,-
371,高雄市,1996/04,左營,10.8,0.77,29.3,64.0,-,37,8.75,27.92,-,-,-,21.12,-,-,-,-
372,高雄市,1996/04,楠梓,7.5,0.6,22.7,80.0,-,42,10.82,31.44,2.76,0.31,2.45,21.37,-,-,-,-
373,高雄市,1996/04,前金,13.4,0.92,25.6,93.0,-,38,9.01,29.43,-,-,-,21.82,-,-,-,-
374,高雄市,1996/04,前鎮,16.8,-,-,90.0,-,53,18.51,34.47,2.94,0.47,2.47,21.61,-,-,-,-
375,高雄市,1996/04,小港,22.6,1.07,21.2,99.0,-,71,28.79,41.96,2.95,0.54,2.41,23.39,-,-,-,-
376,高雄市,1996/04,鳳山,27.0,1.11,20.9,107.0,-,66,24.44,41.48,-,-,-,22.2,-,-,-,-
377,高雄市,1996/04,林園,19.4,0.67,29.5,124.0,-,32,9.91,22.9,2.9,0.57,2.34,22.54,-,-,-,-
378,高雄市,1996/04,大寮,19.3,0.89,28.6,96.0,-,40,9.14,30.7,-,-,-,21.99,-,-,-,-
379,高雄市,1996/04,仁武,23.0,0.72,17.8,93.0,-,53,18.17,35.28,3.01,0.68,2.32,22.1,-,-,-,-
380,高雄市,1996/04,橋頭,7.6,0.78,23.0,83.0,-,35,8.54,26.85,2.45,0.26,2.2,21.47,-,-,-,-
381,高雄市,1996/04,美濃,4.4,0.6,31.9,94.0,-,21,1.6,19.14,-,-,-,21.35,-,-,-,-
382,高雄市,1996/03,左營,12.7,0.84,28.6,70.0,-,39,10.77,27.81,-,-,-,22.11,-,-,-,-
383,高雄市,1996/03,楠梓,10.6,0.66,24.0,100.0,-,47,14.84,32.6,2.67,0.33,2.34,22.8,-,-,-,-
384,高雄市,1996/03,前金,15.5,0.97,25.6,111.0,-,41,10.48,30.36,-,-,-,22.6,-,-,-,-
385,高雄市,1996/03,前鎮,18.5,-,-,110.0,-,50,15.81,34.36,2.58,0.43,2.15,22.6,-,-,-,-
386,高雄市,1996/03,小港,23.7,1.16,21.7,116.0,-,67,26.3,40.47,2.72,0.46,2.26,24.39,-,-,-,-
387,高雄市,1996/03,鳳山,25.1,1.14,20.5,125.0,-,62,21.33,40.26,-,-,-,23.4,-,-,-,-
388,高雄市,1996/03,林園,16.9,0.65,29.7,152.0,-,32,9.63,22.4,2.69,0.51,2.18,23.22,-,-,-,-
389,高雄市,1996/03,大寮,21.5,0.91,30.1,127.0,-,41,10.5,30.08,-,-,-,23.09,-,-,-,-
390,高雄市,1996/03,仁武,21.5,0.85,20.1,109.0,-,54,18.46,35.67,2.95,0.58,2.38,23.06,-,-,-,-
391,高雄市,1996/03,橋頭,10.9,0.8,25.1,103.0,-,36,10.41,26.01,2.45,0.29,2.22,22.47,-,-,-,-
392,高雄市,1996/03,美濃,6.2,0.61,32.6,115.0,-,23,2.26,20.38,-,-,-,22.68,-,-,-,-
393,高雄市,1996/02,左營,8.3,0.67,25.3,79.0,-,37,10.16,27.29,3.06,0.34,2.71,17.43,-,-,-,-
394,高雄市,1996/02,楠梓,6.5,0.54,20.5,99.0,-,43,11.93,30.92,2.38,0.21,2.17,18.38,-,-,-,-
395,高雄市,1996/02,前金,11.9,0.87,22.0,106.0,-,42,11.15,30.25,-,-,-,17.86,-,-,-,-
396,高雄市,1996/02,前鎮,13.9,-,-,98.0,-,58,21.65,36.31,2.43,0.4,2.04,18.07,-,-,-,-
397,高雄市,1996/02,小港,23.1,0.99,17.7,92.0,-,74,31.42,42.47,2.28,0.41,1.87,20.11,-,-,-,-
398,高雄市,1996/02,鳳山,25.4,0.99,18.6,115.0,-,68,26.0,41.57,-,-,-,18.61,-,-,-,-
399,高雄市,1996/02,林園,27.4,0.7,26.0,119.0,-,42,14.0,28.23,2.68,0.56,2.12,19.07,-,-,-,-
400,高雄市,1996/02,大寮,18.9,0.8,26.7,118.0,-,38,8.26,30.14,-,-,-,18.43,-,-,-,-
401,高雄市,1996/02,仁武,25.5,0.8,18.7,95.0,-,51,17.53,33.97,2.82,0.52,2.3,18.0,-,-,-,-
402,高雄市,1996/02,橋頭,6.7,0.63,21.9,84.0,-,36,10.11,25.92,2.25,0.16,2.1,17.86,-,-,-,-
403,高雄市,1996/02,美濃,3.3,0.55,30.7,96.0,-,22,1.69,19.88,-,-,-,17.83,-,-,-,-
404,高雄市,1996/01,左營,10.9,0.88,27.2,101.0,-,47,14.37,32.4,2.88,0.38,2.5,18.19,-,-,-,-
405,高雄市,1996/01,楠梓,7.9,0.67,20.3,128.0,-,54,17.65,36.59,2.37,0.26,2.11,18.97,-,-,-,-
406,高雄市,1996/01,前金,14.7,1.06,23.2,133.0,-,54,14.68,38.89,-,-,-,18.66,-,-,-,-
407,高雄市,1996/01,前鎮,15.3,-,-,135.0,-,69,27.41,42.06,3.1,0.63,2.48,18.87,-,-,-,-
408,高雄市,1996/01,小港,26.1,1.3,19.2,138.0,-,95,40.36,54.45,2.86,0.69,2.17,20.74,-,-,-,-
409,高雄市,1996/01,鳳山,25.7,1.26,20.3,146.0,-,80,32.0,48.16,-,-,-,19.29,-,-,-,-
410,高雄市,1996/01,林園,29.6,0.89,31.4,148.0,-,53,16.65,36.04,3.04,0.84,2.2,19.71,-,-,-,-
411,高雄市,1996/01,大寮,20.6,0.97,24.9,143.0,-,49,11.11,37.5,-,-,-,19.07,-,-,-,-
412,高雄市,1996/01,仁武,29.9,0.88,20.5,118.0,-,68,25.82,41.84,3.15,0.74,2.42,18.69,-,-,-,-
413,高雄市,1996/01,橋頭,8.8,0.82,22.1,110.0,-,50,16.74,33.43,2.0,0.15,1.84,18.57,-,-,-,-
414,高雄市,1996/01,美濃,4.6,0.69,32.3,119.0,-,28,3.57,24.79,-,-,-,18.25,-,-,-,-
415,高雄市,1995/12,左營,13.1,0.93,28.9,95.0,-,46,13.11,32.84,2.87,0.41,2.45,18.08,-,-,-,-
416,高雄市,1995/12,楠梓,8.7,0.69,20.0,137.0,-,53,16.03,36.85,2.68,0.3,2.38,18.78,-,-,-,-
417,高雄市,1995/12,前金,19.8,1.1,24.4,140.0,-,53,14.57,38.21,-,-,-,18.52,-,-,-,-
418,高雄市,1995/12,前鎮,16.5,-,-,140.0,-,68,27.47,40.19,-,-,-,18.71,-,-,-,-
419,高雄市,1995/12,小港,32.5,1.36,19.0,141.0,-,105,46.78,57.74,2.87,0.71,2.16,20.5,-,-,-,-
420,高雄市,1995/12,鳳山,31.2,1.3,19.3,151.0,-,84,34.65,49.35,-,-,-,19.18,-,-,-,-
421,高雄市,1995/12,林園,35.1,0.98,29.4,166.0,-,58,19.67,38.66,-,-,-,19.74,-,-,-,-
422,高雄市,1995/12,大寮,22.8,0.93,27.6,144.0,-,49,11.07,37.92,-,-,-,18.97,-,-,-,-
423,高雄市,1995/12,仁武,27.6,0.95,20.9,123.0,-,67,24.95,41.62,3.48,0.77,2.71,18.59,-,-,-,-
424,高雄市,1995/12,橋頭,10.7,0.81,21.2,111.0,-,48,15.11,32.81,2.36,0.24,2.12,18.42,-,-,-,-
425,高雄市,1995/12,美濃,5.3,0.72,27.6,132.0,-,29,3.45,25.09,-,-,-,18.11,-,-,-,-
426,高雄市,1995/11,左營,13.5,0.88,32.2,96.0,-,43,11.82,30.87,2.96,0.43,2.53,21.84,-,-,-,-
427,高雄市,1995/11,楠梓,8.1,0.68,23.7,137.0,-,48,13.69,34.77,2.6,0.3,2.29,22.64,-,-,-,-
428,高雄市,1995/11,前金,17.7,1.04,29.5,106.0,-,48,12.14,35.89,-,-,-,22.28,-,-,-,-
429,高雄市,1995/11,前鎮,17.3,-,-,151.0,-,64,22.85,40.65,-,-,-,22.52,-,-,-,-
430,高雄市,1995/11,小港,26.5,1.19,23.3,142.0,-,92,36.08,55.57,-,-,-,24.12,-,-,-,-
431,高雄市,1995/11,鳳山,24.1,1.2,24.9,146.0,-,59,18.68,40.26,-,-,-,22.95,-,-,-,-
432,高雄市,1995/11,林園,26.3,0.91,32.2,188.0,-,41,10.21,30.92,-,-,-,23.21,-,-,-,-
433,高雄市,1995/11,大寮,18.1,0.86,29.8,162.0,-,39,6.93,32.11,-,-,-,22.63,-,-,-,-
434,高雄市,1995/11,仁武,27.4,0.89,21.5,130.0,-,61,21.69,38.84,3.28,0.79,2.5,23.12,-,-,-,-
435,高雄市,1995/11,橋頭,9.7,0.78,18.3,113.0,-,46,14.78,31.12,2.49,0.25,2.24,21.82,-,-,-,-
436,高雄市,1995/11,美濃,4.7,0.63,37.6,131.0,-,22,1.73,20.32,-,-,-,21.8,-,-,-,-
437,高雄市,1995/10,左營,11.5,0.89,34.6,93.0,-,36,9.75,25.97,2.71,0.32,2.39,26.1,-,-,-,-
438,高雄市,1995/10,楠梓,6.4,0.66,28.3,105.0,-,40,10.49,29.98,2.79,0.33,2.46,27.23,-,-,-,-
439,高雄市,1995/10,前金,14.4,1.0,38.0,125.0,-,39,9.78,29.42,-,-,-,26.56,-,-,-,-
440,高雄市,1995/10,前鎮,15.8,-,-,137.0,-,49,14.64,34.13,2.42,0.41,2.04,26.61,-,-,-,-
441,高雄市,1995/10,小港,20.7,1.02,34.2,131.0,-,59,20.05,38.64,2.9,0.45,2.45,28.07,-,-,-,-
442,高雄市,1995/10,鳳山,18.2,1.16,35.0,124.0,-,53,14.42,38.39,-,-,-,27.11,-,-,-,-
443,高雄市,1995/10,林園,12.1,0.7,42.4,164.0,-,23,5.25,17.75,2.4,0.3,2.1,26.88,-,-,-,-
444,高雄市,1995/10,大寮,16.3,0.9,31.2,146.0,-,34,5.37,28.85,-,-,-,26.79,-,-,-,-
445,高雄市,1995/10,仁武,19.2,0.93,24.9,134.0,-,51,16.71,34.61,4.34,0.94,3.39,27.52,-,-,-,-
446,高雄市,1995/10,橋頭,6.8,0.73,19.3,116.0,-,35,9.64,25.03,2.5,0.23,2.28,26.44,-,-,-,-
447,高雄市,1995/10,美濃,4.8,0.6,46.4,125.0,-,16,0.63,15.39,-,-,-,26.13,-,-,-,-
448,高雄市,1995/09,左營,8.5,0.75,28.6,58.0,-,24,4.4,19.81,2.47,0.22,2.25,27.62,-,-,-,-
449,高雄市,1995/09,楠梓,5.9,0.56,21.5,64.0,-,31,7.2,23.39,2.76,0.32,2.45,28.79,-,-,-,-
450,高雄市,1995/09,前金,8.2,0.83,29.5,75.0,-,27,4.73,22.18,-,-,-,28.06,-,-,-,-
451,高雄市,1995/09,前鎮,13.8,-,-,81.0,-,33,7.03,26.18,2.23,0.28,1.96,27.9,-,-,-,-
452,高雄市,1995/09,小港,12.9,0.8,26.5,80.0,-,36,9.42,26.48,2.39,0.22,2.17,29.27,-,-,-,-
453,高雄市,1995/09,鳳山,11.1,0.94,27.5,79.0,-,36,7.42,28.29,-,-,-,28.27,-,-,-,-
454,高雄市,1995/09,林園,6.2,0.49,31.7,90.0,-,15,2.31,12.57,2.28,0.22,2.06,27.94,-,-,-,-
455,高雄市,1995/09,大寮,8.5,0.69,25.5,77.0,-,21,2.54,18.08,-,-,-,27.63,-,-,-,-
456,高雄市,1995/09,仁武,9.0,0.68,19.5,86.0,-,34,9.59,24.28,3.59,0.57,3.02,28.77,-,-,-,-
457,高雄市,1995/09,橋頭,5.1,0.6,19.9,69.0,-,24,5.58,18.89,2.16,0.13,2.03,27.55,-,-,-,-
458,高雄市,1995/09,美濃,2.7,0.48,34.6,58.0,-,11,0.92,10.53,-,-,-,26.97,-,-,-,-
459,高雄市,1995/08,左營,10.3,0.75,19.8,45.0,-,29,10.93,17.91,2.47,0.28,2.19,27.97,-,-,-,-
460,高雄市,1995/08,楠梓,8.0,0.38,14.3,45.0,-,34,13.64,20.41,-,-,-,29.06,-,-,-,-
461,高雄市,1995/08,前金,12.5,0.86,19.4,55.0,-,33,12.24,20.7,-,-,-,28.42,-,-,-,-
462,高雄市,1995/08,前鎮,18.0,-,-,62.0,-,37,12.57,24.36,-,-,-,28.21,-,-,-,-
463,高雄市,1995/08,小港,18.2,0.95,15.9,64.0,-,43,16.75,25.37,2.28,0.2,2.09,29.46,-,-,-,-
464,高雄市,1995/08,鳳山,9.7,0.85,20.5,55.0,-,30,7.23,22.66,-,-,-,28.51,-,-,-,-
465,高雄市,1995/08,林園,-,0.44,22.0,77.0,-,12,2.56,9.72,2.12,0.14,1.98,28.21,-,-,-,-
466,高雄市,1995/08,大寮,10.2,0.58,17.0,54.0,-,18,2.79,15.56,-,-,-,27.8,-,-,-,-
467,高雄市,1995/08,仁武,10.1,0.6,15.0,59.0,-,26,7.93,17.61,2.92,0.29,2.63,29.1,-,-,-,-
468,高雄市,1995/08,橋頭,7.6,0.51,12.3,49.0,-,24,9.0,15.28,2.16,0.15,2.02,28.06,-,-,-,-
469,高雄市,1995/08,美濃,1.5,0.41,23.6,41.0,-,10,1.59,8.57,-,-,-,26.59,-,-,-,-
470,高雄市,1995/07,左營,7.2,0.64,16.3,31.0,-,26,10.84,15.42,2.24,0.24,2.0,27.81,-,-,-,-
471,高雄市,1995/07,楠梓,9.1,0.47,11.6,35.0,-,36,17.6,18.64,2.57,0.37,2.21,29.05,-,-,-,-
472,高雄市,1995/07,前金,9.5,0.77,13.7,42.0,-,26,9.89,16.37,-,-,-,28.24,-,-,-,-
473,高雄市,1995/07,前鎮,21.8,-,-,45.0,-,33,13.48,19.59,2.12,0.51,1.62,28.15,-,-,-,-
474,高雄市,1995/07,小港,20.5,1.05,12.1,46.0,-,37,18.19,18.95,2.21,0.2,2.01,29.46,-,-,-,-
475,高雄市,1995/07,鳳山,9.5,0.83,16.4,38.0,-,29,9.5,19.38,-,-,-,28.48,-,-,-,-
476,高雄市,1995/07,林園,4.0,0.34,17.1,40.0,-,-,-,-,1.9,0.13,1.78,28.28,-,-,-,-
477,高雄市,1995/07,大寮,6.8,0.48,14.4,34.0,-,14,2.61,11.92,-,-,-,27.87,-,-,-,-
478,高雄市,1995/07,仁武,5.9,0.51,12.4,40.0,-,23,8.81,14.41,2.02,0.19,1.84,28.39,-,-,-,-
479,高雄市,1995/07,橋頭,7.8,0.48,10.6,35.0,-,22,9.24,12.98,2.17,0.17,2.0,27.8,-,-,-,-
480,高雄市,1995/07,美濃,1.6,0.35,23.4,30.0,-,9,1.14,7.65,-,-,-,26.99,-,-,-,-
481,高雄市,1995/06,左營,7.2,0.65,17.4,36.0,-,21,8.25,13.05,2.18,0.2,1.98,28.39,-,-,-,-
482,高雄市,1995/06,楠梓,7.8,0.52,13.3,42.0,-,30,12.28,17.85,2.56,0.37,2.19,29.68,-,-,-,-
483,高雄市,1995/06,前金,6.3,0.71,13.9,43.0,-,23,10.01,12.9,-,-,-,29.11,-,-,-,-
484,高雄市,1995/06,前鎮,18.4,-,-,46.0,-,29,9.93,18.71,2.18,0.43,1.76,28.56,-,-,-,-
485,高雄市,1995/06,小港,14.5,0.67,12.6,46.0,-,26,11.05,15.02,2.26,0.22,2.04,29.85,-,-,-,-
486,高雄市,1995/06,鳳山,9.4,0.86,16.2,43.0,-,33,12.85,19.65,-,-,-,28.98,-,-,-,-
487,高雄市,1995/06,林園,3.6,0.31,17.1,42.0,-,9,2.07,6.76,1.99,0.13,1.84,28.42,-,-,-,-
488,高雄市,1995/06,大寮,9.3,0.51,14.3,40.0,-,17,5.23,11.83,-,-,-,28.4,-,-,-,-
489,高雄市,1995/06,仁武,4.3,0.53,13.0,47.0,-,23,9.74,13.35,2.16,0.17,1.99,28.7,-,-,-,-
490,高雄市,1995/06,橋頭,5.7,0.47,12.8,38.0,-,19,8.37,11.03,2.17,0.28,1.9,28.44,-,-,-,-
491,高雄市,1995/06,美濃,3.4,0.38,27.0,41.0,-,12,2.03,9.83,-,-,-,27.44,-,-,-,-
492,高雄市,1995/05,左營,12.5,0.78,22.3,57.0,-,32,9.7,22.57,2.58,0.35,2.25,26.16,-,-,-,-
493,高雄市,1995/05,楠梓,8.0,0.6,17.2,60.0,-,35,10.35,24.86,2.67,0.45,2.27,27.45,-,-,-,-
494,高雄市,1995/05,前金,11.8,0.89,22.2,72.0,-,31,8.48,22.69,-,-,-,26.63,-,-,-,-
495,高雄市,1995/05,前鎮,19.1,-,-,77.0,-,42,11.7,30.46,2.37,0.44,1.95,26.47,-,-,-,-
496,高雄市,1995/05,小港,17.1,0.89,17.1,75.0,-,38,12.28,25.71,2.29,0.33,1.96,27.87,-,-,-,-
497,高雄市,1995/05,鳳山,14.4,0.99,20.3,79.0,-,42,10.4,31.18,-,-,-,26.91,-,-,-,-
498,高雄市,1995/05,林園,7.4,0.46,23.5,75.0,-,15,2.05,12.98,2.56,0.26,2.3,26.51,-,-,-,-
499,高雄市,1995/05,大寮,10.8,0.61,19.1,73.0,-,23,3.76,19.44,-,-,-,26.59,-,-,-,-
500,高雄市,1995/05,仁武,9.9,0.69,16.7,71.0,-,34,10.7,23.36,2.4,0.36,2.07,26.8,-,-,-,-
501,高雄市,1995/05,橋頭,8.0,0.63,16.8,68.0,-,28,8.27,19.83,3.03,0.74,2.28,26.34,-,-,-,-
502,高雄市,1995/05,美濃,3.1,0.48,31.1,67.0,-,13,1.51,11.74,-,-,-,25.64,-,-,-,-
503,高雄市,1995/04,左營,13.5,0.67,24.6,72.0,-,34,10.34,24.08,-,-,-,26.89,-,-,-,-
504,高雄市,1995/04,楠梓,11.0,0.59,19.5,80.0,-,-,-,-,-,-,-,27.52,-,-,-,-
505,高雄市,1995/04,前金,12.9,0.88,23.3,83.0,-,34,9.12,24.74,-,-,-,25.36,-,-,-,-
506,高雄市,1995/04,前鎮,20.4,-,-,82.0,-,49,15.79,33.78,2.4,0.5,1.97,25.47,-,-,-,-
507,高雄市,1995/04,小港,27.0,1.1,18.3,86.0,-,51,22.31,29.11,-,-,-,26.81,-,-,-,-
508,高雄市,1995/04,鳳山,23.8,0.98,15.3,102.0,-,47,15.42,31.78,-,-,-,25.44,-,-,-,-
509,高雄市,1995/04,林園,14.6,0.57,25.4,94.0,-,27,7.71,19.86,2.81,0.28,2.55,24.32,-,-,-,-
510,高雄市,1995/04,大寮,18.1,0.72,19.5,96.0,-,34,7.91,26.33,-,-,-,27.7,-,-,-,-
511,高雄市,1995/04,仁武,20.4,0.74,16.4,87.0,-,44,16.05,28.3,2.49,0.38,2.12,25.25,-,-,-,-
512,高雄市,1995/04,橋頭,9.8,0.67,18.4,81.0,-,31,10.47,20.79,2.86,0.58,2.3,25.05,-,-,-,-
513,高雄市,1995/04,美濃,4.0,0.55,36.2,97.0,-,17,2.45,14.91,-,-,-,24.88,-,-,-,-
514,高雄市,1995/03,左營,11.6,0.95,20.4,100.0,-,47,15.22,32.22,3.16,0.4,2.76,22.38,-,-,-,-
515,高雄市,1995/03,楠梓,9.6,0.66,12.9,95.0,-,55,17.75,37.58,2.14,0.32,1.82,21.36,-,-,-,-
516,高雄市,1995/03,前金,13.8,1.12,20.1,112.0,-,50,15.13,34.73,-,-,-,20.99,-,-,-,-
517,高雄市,1995/03,前鎮,21.4,-,-,109.0,-,73,26.91,46.34,2.55,0.59,1.95,21.3,-,-,-,-
518,高雄市,1995/03,小港,26.5,1.3,14.6,110.0,-,69,30.3,39.14,2.64,0.63,2.01,22.63,-,-,-,-
519,高雄市,1995/03,鳳山,25.7,1.22,17.3,137.0,-,66,24.54,41.01,-,-,-,21.04,-,-,-,-
520,高雄市,1995/03,林園,21.6,0.82,22.6,125.0,-,44,11.89,31.84,3.04,0.45,2.59,20.41,-,-,-,-
521,高雄市,1995/03,大寮,17.8,0.85,17.0,142.0,-,47,12.75,34.48,-,-,-,23.45,-,-,-,-
522,高雄市,1995/03,仁武,25.3,0.87,13.9,116.0,-,62,24.53,37.6,2.77,0.58,2.21,20.61,-,-,-,-
523,高雄市,1995/03,橋頭,9.6,0.79,15.6,108.0,-,43,15.16,28.02,2.87,0.41,2.46,20.77,-,-,-,-
524,高雄市,1995/03,美濃,4.2,0.67,28.0,118.0,-,29,4.42,24.25,-,-,-,20.74,-,-,-,-
525,高雄市,1995/02,左營,9.8,0.83,14.4,106.0,-,47,13.09,34.62,1.81,0.32,1.52,18.88,-,-,-,-
526,高雄市,1995/02,楠梓,7.0,0.59,14.4,88.0,-,49,12.59,36.26,2.01,0.27,1.74,18.09,-,-,-,-
527,高雄市,1995/02,前金,12.9,1.1,20.6,113.0,-,51,14.14,37.08,-,-,-,17.44,-,-,-,-
528,高雄市,1995/02,前鎮,16.4,-,-,112.0,-,77,27.92,48.79,2.68,0.58,2.09,18.19,-,-,-,-
529,高雄市,1995/02,小港,31.2,1.25,15.1,117.0,-,76,34.81,41.61,2.85,0.67,2.18,19.66,-,-,-,-
530,高雄市,1995/02,鳳山,32.5,1.12,16.5,143.0,-,70,26.38,43.95,-,-,-,17.97,-,-,-,-
531,高雄市,1995/02,林園,33.5,0.89,16.8,130.0,-,55,16.01,38.86,3.15,0.59,2.57,17.56,-,-,-,-
532,高雄市,1995/02,大寮,23.2,0.8,21.2,143.0,-,48,11.71,36.06,-,-,-,20.46,-,-,-,-
533,高雄市,1995/02,仁武,27.4,0.83,15.2,120.0,-,61,22.39,38.35,2.86,0.59,2.28,17.63,-,-,-,-
534,高雄市,1995/02,橋頭,7.5,0.76,16.5,105.0,-,40,11.99,28.48,2.85,0.31,2.53,17.89,-,-,-,-
535,高雄市,1995/02,美濃,3.6,0.67,29.1,121.0,-,27,3.03,24.41,-,-,-,18.25,-,-,-,-
536,高雄市,1995/01,左營,11.3,0.94,19.8,120.0,-,48,14.25,33.7,3.02,0.44,2.6,19.32,-,-,-,-
537,高雄市,1995/01,楠梓,8.6,0.73,17.6,89.0,-,54,17.12,37.13,2.42,0.35,2.07,18.67,-,-,-,-
538,高雄市,1995/01,前金,14.7,1.11,22.1,117.0,-,51,14.36,36.23,-,-,-,18.24,-,-,-,-
539,高雄市,1995/01,前鎮,17.2,-,-,124.0,-,77,27.88,49.01,3.72,1.13,2.64,18.62,-,-,-,-
540,高雄市,1995/01,小港,29.6,1.24,17.5,124.0,-,80,34.63,45.0,2.84,0.64,2.21,19.89,-,-,-,-
541,高雄市,1995/01,鳳山,31.9,1.22,18.4,144.0,-,75,27.63,47.64,-,-,-,18.3,-,-,-,-
542,高雄市,1995/01,林園,36.8,0.92,13.8,139.0,-,51,13.97,37.29,3.38,0.71,2.67,17.68,-,-,-,-
543,高雄市,1995/01,大寮,24.2,0.88,21.2,151.0,-,37,7.57,29.52,-,-,-,20.56,-,-,-,-
544,高雄市,1995/01,仁武,27.0,0.83,17.6,122.0,-,59,21.25,38.02,2.83,0.56,2.28,18.03,-,-,-,-
545,高雄市,1995/01,橋頭,9.0,0.72,19.6,114.0,-,43,13.8,29.14,2.82,0.51,2.31,18.41,-,-,-,-
546,高雄市,1995/01,美濃,4.4,0.66,32.1,122.0,-,27,3.49,23.9,-,-,-,18.35,-,-,-,-
547,高雄市,1994/12,左營,11.4,0.99,19.1,135.0,-,46,14.31,32.13,3.07,0.37,2.7,23.43,-,-,-,-
548,高雄市,1994/12,楠梓,9.2,0.81,15.5,116.0,-,50,15.9,34.39,-,0.24,-,22.87,-,-,-,-
549,高雄市,1994/12,前金,14.4,1.14,20.2,131.0,-,48,15.07,33.25,-,-,-,22.2,-,-,-,-
550,高雄市,1994/12,前鎮,18.1,-,-,142.0,-,71,25.83,44.99,2.53,0.53,2.01,22.57,-,-,-,-
551,高雄市,1994/12,小港,29.5,1.39,16.6,142.0,-,84,39.48,44.12,3.08,0.69,2.39,23.83,-,-,-,-
552,高雄市,1994/12,鳳山,38.3,1.34,19.5,164.0,-,75,27.92,46.8,-,-,-,22.26,-,-,-,-
553,高雄市,1994/12,林園,29.1,0.97,14.6,174.0,-,45,13.84,31.61,3.19,0.65,2.54,21.5,-,-,-,-
554,高雄市,1994/12,大寮,19.6,1.0,20.9,-,-,39,9.1,30.18,-,-,-,24.64,-,-,-,-
555,高雄市,1994/12,仁武,25.9,0.9,16.3,131.0,-,60,22.22,37.38,2.79,0.54,2.25,22.28,-,-,-,-
556,高雄市,1994/12,橋頭,10.2,0.86,17.6,130.0,-,44,15.84,28.58,2.85,0.52,2.29,22.39,-,-,-,-
557,高雄市,1994/12,美濃,4.5,0.77,28.3,155.0,-,27,3.77,23.71,-,-,-,22.17,-,-,-,-
558,高雄市,1994/11,左營,13.8,1.04,35.3,143.0,-,47,11.96,34.98,3.35,0.46,2.9,24.24,-,-,-,-
559,高雄市,1994/11,楠梓,8.4,0.82,26.6,126.0,-,56,18.76,37.29,2.53,0.62,1.91,24.16,-,-,-,-
560,高雄市,1994/11,前金,15.7,1.13,32.6,140.0,-,52,11.69,40.07,-,-,-,23.65,-,-,-,-
561,高雄市,1994/11,前鎮,12.2,-,-,111.0,-,66,18.83,47.15,2.72,0.54,2.18,24.01,-,-,-,-
562,高雄市,1994/11,小港,20.8,1.2,28.0,137.0,-,68,20.6,47.3,3.02,0.6,2.42,24.99,-,-,-,-
563,高雄市,1994/11,鳳山,23.5,1.15,29.7,149.0,-,56,12.37,43.3,-,-,-,23.62,-,-,-,-
564,高雄市,1994/11,林園,13.6,0.76,25.6,162.0,-,-,-,-,2.84,0.39,2.45,22.48,-,-,-,-
565,高雄市,1994/11,大寮,15.1,0.94,28.9,175.0,-,37,4.35,32.52,-,-,-,26.04,-,-,-,-
566,高雄市,1994/11,仁武,20.1,0.9,27.1,139.0,-,56,15.08,40.88,2.77,0.46,2.32,25.46,-,-,-,-
567,高雄市,1994/11,橋頭,8.5,0.81,30.0,131.0,-,42,12.91,29.36,2.67,0.38,2.29,23.71,-,-,-,-
568,高雄市,1994/11,美濃,5.1,0.67,42.0,135.0,-,24,1.19,22.6,-,-,-,23.41,-,-,-,-
569,高雄市,1994/10,左營,12.3,0.9,38.3,95.0,-,35,7.12,28.01,3.02,0.32,2.71,26.4,-,-,-,-
570,高雄市,1994/10,楠梓,6.8,0.66,30.7,102.0,-,37,7.91,29.65,2.73,0.58,2.18,26.34,-,-,-,-
571,高雄市,1994/10,前金,12.5,0.86,33.2,94.0,-,40,6.89,33.55,-,-,-,25.39,-,-,-,-
572,高雄市,1994/10,前鎮,10.2,-,-,93.0,-,46,11.37,34.85,2.43,0.29,2.05,25.47,-,-,-,-
573,高雄市,1994/10,小港,19.1,1.02,31.2,108.0,-,54,15.41,38.75,2.66,0.38,2.28,26.46,-,-,-,-
574,高雄市,1994/10,鳳山,23.0,0.95,30.6,105.0,-,43,8.14,35.01,-,-,-,25.12,-,-,-,-
575,高雄市,1994/10,林園,15.2,0.7,32.5,121.0,-,21,3.43,17.15,2.52,0.34,2.18,25.71,-,-,-,-
576,高雄市,1994/10,大寮,16.0,0.78,29.8,137.0,-,31,2.87,27.78,-,-,-,28.06,-,-,-,-
577,高雄市,1994/10,仁武,19.0,0.77,28.2,109.0,-,40,8.73,30.98,2.71,0.41,2.31,26.93,-,-,-,-
578,高雄市,1994/10,橋頭,7.1,0.67,31.1,101.0,-,30,6.27,23.68,2.08,0.24,1.84,25.21,-,-,-,-
579,高雄市,1994/10,美濃,4.3,0.58,39.2,103.0,-,19,1.1,17.51,-,-,-,24.77,-,-,-,-
580,高雄市,1994/09,左營,10.9,0.85,36.4,70.0,-,30,5.7,22.91,2.59,0.28,2.31,29.01,-,-,-,-
581,高雄市,1994/09,楠梓,9.0,0.65,26.2,80.0,-,33,7.76,24.58,-,-,-,28.99,-,-,-,-
582,高雄市,1994/09,前金,11.4,0.9,30.2,66.0,-,30,4.48,25.4,-,-,-,27.85,-,-,-,-
583,高雄市,1994/09,前鎮,14.7,-,-,76.0,-,34,6.96,26.26,-,-,-,27.76,-,-,-,-
584,高雄市,1994/09,小港,16.5,0.95,27.8,78.0,-,35,8.39,27.04,1.8,0.36,1.44,28.6,-,-,-,-
585,高雄市,1994/09,鳳山,15.4,0.95,30.4,77.0,-,33,4.89,28.31,-,-,-,27.38,-,-,-,-
586,高雄市,1994/09,林園,5.4,0.5,30.7,71.0,-,-,-,-,2.1,0.16,1.94,27.7,-,-,-,-
587,高雄市,1994/09,大寮,9.8,0.6,26.4,110.0,-,20,1.3,17.99,-,-,-,29.9,-,-,-,-
588,高雄市,1994/09,仁武,12.8,0.71,24.5,83.0,-,31,7.47,23.71,-,-,-,29.41,-,-,-,-
589,高雄市,1994/09,橋頭,5.9,0.64,27.6,81.0,-,25,5.16,20.11,2.06,0.14,1.91,27.68,-,-,-,-
590,高雄市,1994/09,美濃,3.2,0.55,35.0,68.0,-,13,0.77,11.88,-,-,-,26.66,-,-,-,-
591,高雄市,1994/08,左營,7.8,0.78,15.5,41.0,-,29,12.15,16.54,2.1,0.34,1.77,28.74,-,-,-,-
592,高雄市,1994/08,楠梓,6.2,0.54,10.9,40.0,-,29,11.03,17.86,2.55,0.65,1.89,28.64,-,-,-,-
593,高雄市,1994/08,前金,7.8,0.84,12.5,41.0,-,30,12.91,17.52,-,-,-,27.71,-,-,-,-
594,高雄市,1994/08,前鎮,12.6,-,-,54.0,-,36,14.33,20.16,-,-,-,27.52,-,-,-,-
595,高雄市,1994/08,小港,-,-,-,-,-,-,-,-,-,-,-,-,-,-,-,-
596,高雄市,1994/08,鳳山,8.9,0.87,14.5,42.0,-,28,8.33,19.91,-,-,-,27.1,-,-,-,-
597,高雄市,1994/08,林園,7.3,0.5,16.8,54.0,-,-,-,-,2.11,0.22,1.89,27.58,-,-,-,-
598,高雄市,1994/08,大寮,11.1,0.48,16.0,58.0,-,15,2.14,11.22,-,-,-,29.84,-,-,-,-
599,高雄市,1994/08,仁武,6.2,0.56,9.3,47.0,-,25,9.39,15.81,1.86,0.3,1.55,29.37,-,-,-,-
600,高雄市,1994/08,橋頭,2.2,0.49,10.3,43.0,-,21,7.63,13.56,2.16,0.17,1.99,27.39,-,-,-,-
601,高雄市,1994/08,美濃,1.2,0.42,19.5,35.0,-,10,1.49,8.6,-,-,-,26.42,-,-,-,-
602,高雄市,1994/07,左營,9.2,0.72,23.2,51.0,-,25,7.33,17.72,2.16,0.27,1.89,30.21,-,-,-,-
603,高雄市,1994/07,楠梓,6.2,0.54,15.4,53.0,-,29,9.15,19.11,2.56,0.44,2.13,30.25,-,-,-,-
604,高雄市,1994/07,前金,9.4,0.85,18.4,45.0,-,26,6.9,18.63,-,-,-,29.06,-,-,-,-
605,高雄市,1994/07,前鎮,14.3,-,-,56.0,-,30,8.23,20.78,1.7,0.45,1.29,28.83,-,-,-,-
606,高雄市,1994/07,小港,11.9,0.82,17.7,54.0,-,31,9.01,19.93,2.01,0.31,1.7,29.96,-,-,-,-
607,高雄市,1994/07,鳳山,9.8,0.86,19.6,54.0,-,30,6.13,23.51,-,-,-,28.62,-,-,-,-
608,高雄市,1994/07,林園,4.2,0.48,23.0,57.0,-,-,-,-,1.98,0.19,1.8,28.82,-,-,-,-
609,高雄市,1994/07,大寮,8.2,0.52,18.6,64.0,-,17,2.12,13.92,-,-,-,31.34,-,-,-,-
610,高雄市,1994/07,仁武,5.5,0.67,13.0,61.0,-,29,8.72,20.26,1.85,0.28,1.58,30.8,-,-,-,-
611,高雄市,1994/07,橋頭,2.5,0.49,18.6,49.0,-,19,5.94,13.41,2.11,0.13,1.98,28.98,-,-,-,-
612,高雄市,1994/07,美濃,1.6,0.45,25.9,46.0,-,10,1.19,8.81,-,-,-,27.79,-,-,-,-
613,高雄市,1994/06,左營,10.2,0.87,13.9,48.0,-,34,14.14,18.72,2.21,0.28,1.94,29.91,-,-,-,-
614,高雄市,1994/06,楠梓,11.2,0.58,10.9,46.0,-,36,15.96,20.05,2.67,0.51,2.18,30.02,-,-,-,-
615,高雄市,1994/06,前金,12.5,1.02,10.4,44.0,-,38,16.74,21.13,-,-,-,28.78,-,-,-,-
616,高雄市,1994/06,前鎮,19.9,-,-,62.0,-,40,15.6,23.17,1.92,0.65,1.33,28.52,-,-,-,-
617,高雄市,1994/06,小港,13.4,0.77,9.6,52.0,-,33,12.31,17.3,1.83,0.25,1.58,29.39,-,-,-,-
618,高雄市,1994/06,鳳山,9.0,0.96,14.5,53.0,-,32,10.69,20.97,-,-,-,28.28,-,-,-,-
619,高雄市,1994/06,林園,2.8,0.42,14.9,52.0,-,8,1.22,6.04,1.64,0.35,1.32,28.61,-,-,-,-
620,高雄市,1994/06,大寮,6.5,0.5,11.3,55.0,-,17,3.98,11.78,-,-,-,30.34,-,-,-,-
621,高雄市,1994/06,仁武,9.3,0.62,11.1,51.0,-,29,10.8,18.38,1.97,0.29,1.69,30.58,-,-,-,-
622,高雄市,1994/06,橋頭,7.2,0.57,11.9,42.0,-,26,11.45,14.76,2.13,0.22,1.9,28.5,-,-,-,-
623,高雄市,1994/06,美濃,1.5,0.44,21.0,38.0,-,11,1.9,8.78,-,-,-,27.64,-,-,-,-
624,高雄市,1994/05,左營,8.8,0.81,29.1,58.0,-,24,5.69,16.87,2.12,0.22,1.91,27.63,-,-,-,-
625,高雄市,1994/05,楠梓,8.8,0.63,21.0,61.0,-,34,9.27,23.86,2.84,0.42,2.43,29.19,-,-,-,-
626,高雄市,1994/05,前金,9.0,0.86,23.8,58.0,-,25,5.04,20.02,-,-,-,27.88,-,-,-,-
627,高雄市,1994/05,前鎮,16.5,-,-,60.0,-,34,8.63,24.68,1.75,0.4,1.37,27.73,-,-,-,-
628,高雄市,1994/05,小港,11.4,0.72,21.9,66.0,-,31,6.91,21.15,1.81,0.21,1.59,29.0,-,-,-,-
629,高雄市,1994/05,鳳山,11.8,0.97,22.0,68.0,-,33,7.02,26.38,-,-,-,27.68,-,-,-,-
630,高雄市,1994/05,林園,6.5,0.5,26.6,64.0,-,11,-,8.55,1.94,0.26,1.69,27.6,-,-,-,-
631,高雄市,1994/05,大寮,11.3,0.6,22.3,85.0,-,21,3.16,17.88,-,-,-,28.85,-,-,-,-
632,高雄市,1994/05,仁武,10.9,0.69,18.2,78.0,-,35,8.54,26.11,-,-,-,28.03,-,-,-,-
633,高雄市,1994/05,橋頭,5.2,0.63,23.3,62.0,-,26,6.44,18.34,2.14,0.18,1.94,27.81,-,-,-,-
634,高雄市,1994/05,美濃,3.1,0.51,30.7,60.0,-,13,1.11,11.3,-,-,-,27.08,-,-,-,-
635,高雄市,1994/04,左營,10.9,0.87,24.0,70.0,-,31,8.45,19.68,2.32,0.28,2.04,25.8,-,-,-,-
636,高雄市,1994/04,楠梓,8.9,0.68,18.7,74.0,-,39,13.07,25.44,2.69,0.37,2.33,27.99,-,-,-,-
637,高雄市,1994/04,前金,12.0,0.95,18.4,78.0,-,33,9.33,24.11,-,-,-,26.7,-,-,-,-
638,高雄市,1994/04,前鎮,17.5,-,-,75.0,-,44,12.06,31.1,1.84,0.42,1.43,26.59,-,-,-,-
639,高雄市,1994/04,小港,16.1,0.81,17.6,91.0,-,45,14.1,27.15,2.09,0.29,1.8,28.24,-,-,-,-
640,高雄市,1994/04,鳳山,17.4,1.03,19.4,97.0,-,44,11.48,32.17,-,-,-,26.59,-,-,-,-
641,高雄市,1994/04,林園,11.7,0.6,22.3,87.0,-,18,4.2,14.01,2.11,0.36,1.76,26.49,-,-,-,-
642,高雄市,1994/04,大寮,22.1,0.74,19.0,95.0,-,29,5.61,23.07,-,-,-,27.12,-,-,-,-
643,高雄市,1994/04,仁武,20.0,0.77,16.0,101.0,-,40,12.01,27.89,1.84,0.32,1.53,25.7,-,-,-,-
644,高雄市,1994/04,橋頭,8.3,0.66,21.6,79.0,-,30,9.46,20.01,2.19,0.21,1.97,26.59,-,-,-,-
645,高雄市,1994/04,美濃,4.4,0.54,30.4,84.0,-,19,2.12,15.88,-,-,-,26.3,-,-,-,-
646,高雄市,1994/03,左營,13.4,1.01,25.1,94.0,-,46,12.64,33.16,2.57,0.39,2.18,19.5,-,-,-,-
647,高雄市,1994/03,楠梓,9.2,0.75,19.7,107.0,-,50,14.32,35.19,2.58,0.3,2.3,21.46,-,-,-,-
648,高雄市,1994/03,前金,17.4,1.21,19.0,128.0,-,53,15.18,37.46,-,-,-,20.31,-,-,-,-
649,高雄市,1994/03,前鎮,17.6,-,-,114.0,-,73,23.89,48.75,2.39,0.58,1.81,20.52,-,-,-,-
650,高雄市,1994/03,小港,25.7,1.27,17.2,137.0,-,85,35.43,46.74,2.63,0.58,2.05,22.11,-,-,-,-
651,高雄市,1994/03,鳳山,35.8,1.24,18.1,159.0,-,77,23.81,49.96,-,-,-,20.42,-,-,-,-
652,高雄市,1994/03,林園,32.8,0.9,25.4,162.0,-,46,12.94,32.86,2.76,0.67,2.1,21.04,-,-,-,-
653,高雄市,1994/03,大寮,35.9,0.93,22.1,148.0,-,47,10.39,36.73,-,-,-,21.24,-,-,-,-
654,高雄市,1994/03,仁武,32.9,0.88,16.1,129.0,-,61,18.22,42.0,2.16,0.55,1.62,20.04,-,-,-,-
655,高雄市,1994/03,橋頭,10.6,0.77,22.3,114.0,-,44,11.58,30.72,2.23,0.26,1.97,20.36,-,-,-,-
656,高雄市,1994/03,美濃,4.0,0.67,30.8,132.0,-,28,2.37,24.75,-,-,-,20.48,-,-,-,-
657,高雄市,1994/02,左營,11.1,1.04,21.9,87.0,-,47,15.1,31.94,2.54,0.39,2.17,19.49,-,-,-,-
658,高雄市,1994/02,楠梓,7.2,0.75,16.7,95.0,-,48,14.57,32.29,2.55,0.37,2.21,21.37,-,-,-,-
659,高雄市,1994/02,前金,12.3,1.29,16.3,112.0,-,60,21.32,38.8,-,-,-,20.34,-,-,-,-
660,高雄市,1994/02,前鎮,15.7,-,-,109.0,-,77,29.63,45.86,2.54,0.69,1.87,20.64,-,-,-,-
661,高雄市,1994/02,小港,24.1,1.37,15.3,125.0,-,84,40.35,42.67,2.7,0.64,2.04,22.21,-,-,-,-
662,高雄市,1994/02,鳳山,30.5,1.31,16.5,139.0,-,77,28.9,45.5,-,-,-,20.49,-,-,-,-
663,高雄市,1994/02,林園,32.9,0.97,24.2,147.0,-,47,13.72,32.3,1.22,0.54,0.73,21.2,-,-,-,-
664,高雄市,1994/02,大寮,32.7,0.93,20.8,134.0,-,44,11.11,33.03,-,-,-,21.39,-,-,-,-
665,高雄市,1994/02,仁武,27.4,0.92,13.4,110.0,-,58,22.65,35.47,1.95,0.55,1.46,20.05,-,-,-,-
666,高雄市,1994/02,橋頭,9.1,0.79,18.3,102.0,-,-,30.76,27.4,1.78,0.29,1.5,20.26,-,-,-,-
667,高雄市,1994/02,美濃,4.2,0.7,26.2,116.0,-,27,3.48,23.2,-,-,-,20.6,-,-,-,-
668,高雄市,1994/01,左營,13.6,1.15,23.4,105.0,-,55,17.9,36.76,2.69,0.48,2.21,18.2,-,-,-,-
669,高雄市,1994/01,楠梓,10.5,0.78,17.4,114.0,-,53,16.65,35.91,2.55,0.36,2.2,19.75,-,-,-,-
670,高雄市,1994/01,前金,17.1,1.33,14.9,138.0,-,59,20.17,39.14,-,-,-,19.01,-,-,-,-
671,高雄市,1994/01,前鎮,19.2,-,-,127.0,-,85,34.46,48.72,2.6,0.75,1.83,19.45,-,-,-,-
672,高雄市,1994/01,小港,25.2,1.46,13.9,144.0,-,105,50.69,47.8,2.87,0.78,2.09,20.68,-,-,-,-
673,高雄市,1994/01,鳳山,31.6,1.35,15.4,161.0,-,84,30.01,47.05,-,-,-,19.04,-,-,-,-
674,高雄市,1994/01,林園,35.2,1.04,24.4,171.0,-,47,12.14,35.33,1.56,0.57,0.9,19.77,-,-,-,-
675,高雄市,1994/01,大寮,45.8,1.03,18.8,162.0,-,51,13.02,38.59,-,-,-,19.92,-,-,-,-
676,高雄市,1994/01,仁武,27.2,0.95,14.3,131.0,-,65,25.11,39.71,2.21,0.63,1.59,18.86,-,-,-,-
677,高雄市,1994/01,橋頭,12.0,0.89,20.0,117.0,-,55,18.13,35.3,2.39,0.34,2.04,19.05,-,-,-,-
678,高雄市,1994/01,美濃,5.1,0.7,26.1,130.0,-,30,4.16,25.25,-,-,-,18.7,-,-,-,-
679,高雄市,1993/12,左營,14.6,1.23,22.6,115.0,-,55,18.27,35.57,2.71,0.44,2.26,18.81,-,-,-,-
680,高雄市,1993/12,楠梓,9.0,0.76,18.1,132.0,-,60,22.66,37.17,2.71,0.364,2.349,20.0,-,-,-,-
681,高雄市,1993/12,前金,21.4,0.11,15.3,150.0,-,62,22.96,39.11,-,-,-,19.65,-,-,-,-
682,高雄市,1993/12,前鎮,17.4,-,-,138.0,-,87,34.15,50.82,2.54,0.73,1.8,19.89,-,-,-,-
683,高雄市,1993/12,復興,68.1,1.8,-,178.0,-,89,45.04,43.68,4.31,0.851,3.407,18.99,-,-,79.24,-
684,高雄市,1993/12,小港,24.3,1.52,14.7,162.0,-,108,53.81,49.71,2.9,0.79,2.11,21.31,-,-,-,-
685,高雄市,1993/12,鳳山,36.0,1.39,16.7,182.0,-,79,34.73,43.52,-,-,-,19.68,-,-,-,-
686,高雄市,1993/12,林園,37.6,1.08,26.8,189.0,-,54,15.12,38.33,2.73,0.84,1.97,20.33,-,-,-,-
687,高雄市,1993/12,大寮,60.0,0.99,18.9,174.0,-,57,16.02,40.82,-,-,-,20.46,-,-,-,-
688,高雄市,1993/12,仁武,24.2,0.92,14.6,148.0,-,71,28.11,42.67,2.32,0.63,1.7,19.33,-,-,-,-
689,高雄市,1993/12,橋頭,12.2,0.88,19.2,137.0,-,56,19.58,37.04,2.42,0.33,2.08,19.61,-,-,-,-
690,高雄市,1993/12,美濃,4.7,0.68,26.0,124.0,-,30,5.21,23.98,-,-,-,19.11,-,-,-,-
691,高雄市,1993/11,左營,15.4,1.15,28.4,110.0,-,48,14.29,33.59,2.72,0.46,2.26,22.97,-,-,-,-
692,高雄市,1993/11,楠梓,7.6,0.75,21.1,111.0,-,52,19.73,32.05,2.89,0.39,2.555,24.4,-,-,-,-
693,高雄市,1993/11,前金,17.3,0.12,21.7,135.0,-,53,15.86,37.36,-,-,-,23.8,-,-,-,-
694,高雄市,1993/11,前鎮,18.7,-,-,124.0,-,67,22.7,43.4,2.51,0.66,1.85,23.93,-,-,-,-
695,高雄市,1993/11,復興,65.9,1.79,-,260.0,-,75,34.29,40.62,3.68,0.86,2.771,23.49,-,-,82.48,-
696,高雄市,1993/11,小港,21.4,1.29,18.8,144.0,-,76,30.47,42.01,2.83,0.61,2.22,25.17,-,-,-,-
697,高雄市,1993/11,鳳山,23.7,1.34,21.4,147.0,-,56,18.58,37.22,-,-,-,23.7,-,-,-,-
698,高雄市,1993/11,林園,24.6,0.87,33.8,157.0,-,34,8.46,25.86,3.19,0.73,2.48,23.53,-,-,-,-
699,高雄市,1993/11,大寮,42.6,0.96,22.4,154.0,-,44,10.64,32.93,-,-,-,24.32,-,-,-,-
700,高雄市,1993/11,仁武,25.0,0.87,16.8,120.0,-,55,18.67,36.66,2.17,0.56,1.62,23.51,-,-,-,-
701,高雄市,1993/11,橋頭,12.0,0.86,23.1,129.0,-,46,15.15,31.67,2.44,0.31,2.12,23.58,-,-,-,-
702,高雄市,1993/11,美濃,3.9,0.63,31.2,108.0,-,22,2.33,19.0,-,-,-,23.49,-,-,-,-
703,高雄市,1993/10,左營,16.4,0.95,36.0,102.0,-,42,9.14,30.69,1.8,0.31,1.51,24.92,-,-,-,-
704,高雄市,1993/10,楠梓,9.7,0.6,28.9,107.0,-,42,11.97,29.73,2.21,0.458,2.065,26.51,-,-,-,-
705,高雄市,1993/10,前金,20.5,0.07,29.1,129.0,-,42,8.63,33.38,-,-,-,25.65,-,-,-,-
706,高雄市,1993/10,前鎮,25.3,-,-,121.0,-,51,13.74,35.94,2.33,0.5,1.84,25.98,-,-,-,-
707,高雄市,1993/10,復興,55.6,1.38,-,95.0,-,63,25.9,40.48,2.97,0.737,2.179,25.78,-,-,53.58,-
708,高雄市,1993/10,小港,24.8,1.01,29.2,136.0,-,61,21.33,36.76,2.47,0.46,2.0,27.11,-,-,-,-
709,高雄市,1993/10,鳳山,23.6,1.17,28.7,140.0,-,52,11.62,38.61,-,-,-,25.6,-,-,-,-
710,高雄市,1993/10,林園,22.1,0.7,46.6,-,-,25,4.54,20.06,2.81,0.41,2.39,23.25,-,-,-,-
711,高雄市,1993/10,大寮,27.5,0.82,30.3,-,-,33,5.0,28.29,-,-,-,26.27,-,-,-,-
712,高雄市,1993/10,仁武,24.7,0.75,24.6,115.0,-,46,12.76,33.72,2.1,0.48,1.62,25.19,-,-,-,-
713,高雄市,1993/10,橋頭,15.4,0.67,31.8,109.0,-,37,8.7,28.41,2.25,0.21,2.04,25.65,-,-,-,-
714,高雄市,1993/10,美濃,6.6,0.6,40.4,111.0,-,19,0.94,17.78,-,-,-,25.39,-,-,-,-
715,高雄市,1993/09,左營,12.5,0.9,31.8,74.0,-,31,9.14,22.13,1.36,0.27,1.09,27.64,-,-,-,-
716,高雄市,1993/09,楠梓,6.7,0.55,24.0,75.0,-,32,-,21.86,-,-,-,29.03,-,-,-,-
717,高雄市,1993/09,前金,13.0,0.06,27.6,89.0,-,30,6.29,23.97,-,-,-,28.37,-,-,-,-
718,高雄市,1993/09,前鎮,24.1,-,-,94.0,-,-,-,-,2.06,0.36,1.7,28.76,-,-,-,-
719,高雄市,1993/09,復興,50.6,1.12,27.7,73.0,-,45,15.53,30.14,2.77,0.632,2.087,28.21,-,-,70.61,-
720,高雄市,1993/09,小港,14.0,0.77,25.5,96.0,-,32,7.6,22.33,2.31,0.23,2.07,29.6,-,-,-,-
721,高雄市,1993/09,鳳山,15.5,1.04,24.2,98.0,-,15,6.86,-,-,-,-,28.07,-,-,-,-
722,高雄市,1993/09,林園,12.4,0.57,34.9,173.0,-,13,1.32,12.69,2.64,0.26,2.39,25.46,-,-,-,-
723,高雄市,1993/09,大寮,11.2,0.65,23.5,112.0,-,20,2.66,17.91,-,-,-,28.37,-,-,-,-
724,高雄市,1993/09,仁武,13.2,0.66,22.6,83.0,-,29,6.86,22.1,1.8,0.33,1.48,27.7,-,-,-,-
725,高雄市,1993/09,橋頭,12.4,0.6,29.7,69.0,-,28,6.62,19.84,2.12,0.19,1.94,28.18,-,-,-,-
726,高雄市,1993/09,美濃,3.4,0.5,34.3,79.0,-,13,0.96,11.74,-,-,-,27.27,-,-,-,-
727,高雄市,1993/08,左營,12.1,0.79,11.9,46.0,-,30,13.23,20.31,1.1,0.24,0.85,28.56,-,-,-,-
728,高雄市,1993/08,楠梓,29.1,1.34,8.9,61.0,-,47,29.86,16.28,1.89,0.648,1.19,28.75,-,-,86.08,-
729,高雄市,1993/08,前金,17.6,2.44,12.4,58.0,-,55,25.37,29.15,-,-,-,29.52,-,-,64.52,-
730,高雄市,1993/08,前鎮,22.3,-,-,62.0,-,-,-,-,1.97,0.37,1.6,29.36,-,-,-,-
731,高雄市,1993/08,復興,40.3,0.92,10.5,56.0,-,43,18.29,24.46,3.05,0.59,2.419,28.81,-,-,79.61,-
732,高雄市,1993/08,小港,15.6,0.73,11.2,59.0,-,28,12.15,14.3,2.21,0.24,1.99,30.26,-,-,-,-
733,高雄市,1993/08,鳳山,21.0,1.37,17.1,51.0,-,49,22.41,25.44,-,-,-,28.56,-,-,60.12,-
734,高雄市,1993/08,林園,6.9,0.45,20.6,94.0,-,10,2.93,-,2.46,0.23,2.24,26.38,-,-,-,-
735,高雄市,1993/08,大寮,8.4,0.51,13.0,52.0,-,16,3.88,14.67,-,-,-,28.93,-,-,-,-
736,高雄市,1993/08,仁武,-,0.56,11.4,-,-,26,10.09,16.04,1.67,0.23,1.46,28.61,-,-,-,-
737,高雄市,1993/08,橋頭,19.3,0.5,14.8,39.0,-,27,10.69,15.03,2.05,0.18,1.87,28.98,-,-,-,-
738,高雄市,1993/08,美濃,-,0.42,21.7,50.0,-,10,1.21,8.96,-,-,-,28.04,-,-,-,-
739,高雄市,1993/07,左營,8.6,0.74,7.4,37.0,-,25,12.29,12.14,1.0,0.22,0.78,28.78,-,-,-,-
740,高雄市,1993/07,楠梓,29.8,1.8,7.9,53.0,-,49,32.61,15.4,2.07,0.653,1.371,29.25,-,-,86.25,-
741,高雄市,1993/07,前金,14.4,2.71,7.8,50.0,-,24,11.4,13.05,-,-,-,29.76,-,-,66.71,-
742,高雄市,1993/07,前鎮,18.4,-,-,38.0,-,32,32.01,0.33,1.83,0.31,1.53,29.54,-,-,-,-
743,高雄市,1993/07,復興,40.8,0.86,9.6,51.0,-,38,18.36,18.8,2.7,0.539,2.109,29.18,-,-,80.22,-
744,高雄市,1993/07,小港,10.1,0.61,7.1,54.0,-,30,14.83,12.69,2.07,0.21,1.85,30.51,-,-,-,-
745,高雄市,1993/07,鳳山,29.9,1.67,9.4,73.0,-,68,37.61,31.24,-,-,-,29.36,-,-,67.96,-
746,高雄市,1993/07,林園,7.1,0.37,12.3,99.0,-,12,3.56,8.65,2.26,0.24,2.04,26.57,-,-,-,-
747,高雄市,1993/07,大寮,7.5,0.54,7.8,47.0,-,22,8.4,14.22,-,-,-,29.68,-,-,-,-
748,高雄市,1993/07,仁武,8.0,0.47,7.4,42.0,-,31,15.31,15.51,1.8,0.22,1.58,28.95,-,-,-,-
749,高雄市,1993/07,橋頭,10.5,0.49,9.5,30.0,-,26,13.28,11.94,1.94,0.14,1.78,29.75,-,-,-,-
750,高雄市,1993/07,美濃,1.8,0.41,19.8,61.0,-,11,1.67,9.22,-,-,-,28.76,-,-,-,-
751,高雄市,1993/06,楠梓,36.3,1.37,6.0,51.0,-,53,36.25,16.46,1.89,0.774,1.063,28.33,-,-,88.83,-
752,高雄市,1993/06,前金,17.8,1.3,5.4,79.0,-,55,36.03,19.46,-,-,-,28.26,-,-,71.84,-
753,高雄市,1993/06,復興,47.2,0.94,-,64.0,-,45,22.3,21.75,3.37,0.628,2.698,28.41,-,-,83.77,-
754,高雄市,1993/06,鳳山,20.2,1.26,13.2,66.0,-,80,44.1,35.77,-,-,-,28.52,-,-,78.37,-
755,高雄市,1993/05,楠梓,30.5,1.23,13.2,71.0,-,61,34.86,25.39,2.01,0.783,1.18,27.26,-,-,84.9,-
756,高雄市,1993/05,前金,17.5,1.75,14.6,62.0,-,51,20.95,29.9,-,-,-,26.63,-,-,70.98,-
757,高雄市,1993/05,復興,44.3,0.97,18.2,82.0,-,46,17.2,28.77,3.85,0.758,3.047,27.32,-,-,80.39,-
758,高雄市,1993/05,鳳山,28.9,1.49,19.2,58.0,-,78,31.61,46.6,-,-,-,27.27,-,-,75.51,-
759,高雄市,1993/04,楠梓,27.7,1.11,18.7,96.0,-,61,34.12,25.99,1.94,0.752,1.14,23.96,-,-,86.44,-
760,高雄市,1993/04,前金,16.6,1.72,17.3,123.0,-,44,17.85,25.92,-,-,-,21.94,-,-,76.44,-
761,高雄市,1993/04,復興,45.6,1.13,-,85.0,-,57,21.42,34.57,-,-,-,24.03,-,-,81.37,-
762,高雄市,1993/04,鳳山,47.2,1.52,16.3,80.0,-,79,32.43,46.53,-,-,-,23.56,-,-,70.7,-
763,高雄市,1993/03,楠梓,33.0,1.06,16.0,105.0,-,65,35.22,28.81,1.97,0.785,1.135,21.01,-,-,84.7,-
764,高雄市,1993/03,前金,21.6,1.49,18.5,110.0,-,50,20.52,29.17,-,-,-,21.16,-,-,68.98,-
765,高雄市,1993/03,復興,57.1,1.44,-,100.0,-,72,30.85,40.85,2.86,0.675,2.139,21.39,-,-,78.7,-
766,高雄市,1993/03,鳳山,51.6,1.71,18.4,117.0,-,95,39.45,54.66,-,-,-,21.06,-,-,62.43,-
767,高雄市,1993/02,楠梓,35.6,1.1,20.9,137.0,-,72,38.29,33.46,2.04,0.788,1.202,19.46,-,-,81.57,-
768,高雄市,1993/02,前金,27.1,1.64,19.7,139.0,-,71,27.3,42.11,-,-,-,20.87,-,-,65.05,-
769,高雄市,1993/02,復興,30.9,1.93,-,-,-,91,41.39,49.25,-,-,-,21.68,-,-,61.91,-
770,高雄市,1993/02,鳳山,44.9,1.95,-,136.0,-,106,36.12,68.77,-,-,-,21.15,-,-,59.13,-
771,高雄市,1993/01,楠梓,24.1,0.94,14.8,116.0,-,58,28.8,28.34,2.04,0.7,1.29,16.59,-,-,82.78,-
772,高雄市,1993/01,前金,18.2,1.89,17.6,134.0,-,67,24.49,41.51,-,-,-,18.85,-,-,62.68,-
773,高雄市,1993/01,復興,24.6,1.77,13.2,74.0,-,96,58.27,37.42,-,-,-,18.33,-,-,64.81,-
774,高雄市,1993/01,鳳山,55.2,1.56,-,115.0,-,110,43.13,66.76,-,-,-,18.99,-,-,60.13,-
775,高雄市,1992/12,楠梓,31.7,1.18,12.8,121.0,-,63,34.81,27.24,2.29,1.143,1.097,19.98,-,-,87.74,-
776,高雄市,1992/12,前金,20.3,2.16,-,174.0,-,80,26.92,51.49,-,-,-,20.97,-,-,63.97,-
777,高雄市,1992/12,復興,23.9,2.52,14.5,108.0,-,97,50.56,45.72,-,-,-,20.54,-,-,52.94,-
778,高雄市,1992/12,鳳山,37.0,1.71,-,162.0,-,129,50.81,77.25,-,-,-,21.0,-,-,60.58,-
779,高雄市,1992/11,楠梓,25.7,0.98,21.0,104.0,-,54,28.8,25.2,2.34,1.093,1.2,21.08,-,-,84.77,-
780,高雄市,1992/11,前金,29.5,2.08,18.0,103.0,-,60,21.81,37.16,-,-,-,22.04,-,-,62.62,-
781,高雄市,1992/11,復興,30.3,2.55,20.5,101.0,-,81,40.14,39.95,-,-,-,21.7,-,-,57.15,-
782,高雄市,1992/11,鳳山,37.6,1.93,-,111.0,-,81,33.13,46.82,-,-,-,21.49,-,-,59.65,-
783,高雄市,1992/10,楠梓,19.3,1.19,24.5,100.0,-,51,24.83,26.32,2.69,1.228,1.414,24.28,-,-,67.31,-
784,高雄市,1992/10,前金,23.0,2.15,29.8,89.0,-,54,19.34,33.24,-,-,-,27.45,-,-,52.7,-
785,高雄市,1992/10,復興,36.8,2.05,25.8,109.0,-,73,39.3,34.18,-,-,-,24.5,-,-,58.75,-
786,高雄市,1992/10,鳳山,42.4,2.13,-,173.0,-,80,26.78,52.41,-,-,-,25.0,-,-,64.42,-
787,高雄市,1992/09,楠梓,25.1,1.29,24.7,81.0,-,43,24.72,18.0,2.64,1.177,1.416,27.38,-,-,75.47,-
788,高雄市,1992/09,前金,25.5,2.1,-,89.0,-,45,14.03,30.09,-,-,-,25.46,-,-,67.22,-
789,高雄市,1992/09,復興,27.5,2.29,18.9,98.0,-,54,24.98,28.17,-,-,-,28.38,-,-,58.63,-
790,高雄市,1992/09,鳳山,23.0,1.88,7.8,121.0,-,42,19.84,22.31,-,-,-,27.5,-,-,69.31,-
791,高雄市,1992/08,楠梓,26.3,1.19,9.6,59.0,-,39,23.32,15.29,2.23,0.971,1.213,28.24,-,-,87.83,-
792,高雄市,1992/08,前金,17.8,2.05,12.5,67.0,-,36,16.4,19.36,-,-,-,27.63,-,-,58.39,-
793,高雄市,1992/08,復興,29.1,2.61,12.4,52.0,-,41,19.9,20.73,-,-,-,29.5,-,-,55.62,-
794,高雄市,1992/08,鳳山,17.2,2.62,8.2,83.0,-,38,19.79,17.33,-,-,-,28.33,-,-,63.15,-
795,高雄市,1992/07,楠梓,28.3,1.24,10.2,73.0,-,45,29.44,15.35,2.26,1.048,1.162,28.39,-,-,86.48,-
796,高雄市,1992/07,前金,17.9,1.67,13.9,107.0,-,40,18.16,22.04,-,-,-,26.75,-,-,64.46,-
797,高雄市,1992/07,復興,27.3,1.82,15.5,66.0,-,43,22.14,19.97,-,-,-,29.37,-,-,58.6,-
798,高雄市,1992/07,鳳山,20.3,1.69,9.7,105.0,-,-,-,-,-,-,-,28.51,-,-,68.96,-
799,高雄市,1992/06,楠梓,36.6,1.27,15.9,92.0,-,59,35.94,22.9,2.71,1.207,1.451,28.16,-,-,86.15,-
800,高雄市,1992/06,前金,17.4,2.03,16.4,91.0,-,42,18.63,24.9,-,-,-,27.07,-,-,75.18,-
801,高雄市,1992/06,復興,26.8,1.6,15.9,73.0,-,47,24.05,22.09,-,-,-,28.81,-,-,60.94,-
802,高雄市,1992/06,鳳山,19.8,2.54,14.7,111.0,-,44,20.23,23.32,-,-,-,28.39,-,-,65.1,-
803,高雄市,1992/05,楠梓,38.7,1.22,19.8,95.0,-,63,30.46,32.41,2.17,0.774,1.369,26.33,-,-,86.1,-
804,高雄市,1992/05,前金,36.7,1.85,19.0,126.0,-,45,15.48,30.5,-,-,-,25.6,-,-,65.0,-
805,高雄市,1992/05,復興,25.1,1.79,19.0,80.0,-,59,26.57,33.16,-,-,-,26.82,-,-,61.88,-
806,高雄市,1992/05,鳳山,23.0,2.34,16.2,122.0,-,51,19.88,30.53,-,-,-,26.32,-,-,69.65,-
807,高雄市,1992/04,楠梓,40.0,1.34,13.1,94.0,-,72,40.34,31.32,2.2,0.821,1.333,23.78,-,-,89.69,-
808,高雄市,1992/04,前金,18.2,2.91,14.4,142.0,-,64,28.63,36.35,-,-,-,23.36,-,-,78.25,-
809,高雄市,1992/04,復興,25.5,2.14,11.4,121.0,-,84,49.06,34.12,-,-,-,24.35,-,-,69.37,-
810,高雄市,1992/04,鳳山,17.9,2.17,11.7,145.0,-,61,27.51,32.83,-,-,-,23.98,-,-,73.27,-
811,高雄市,1992/03,楠梓,38.4,1.18,18.4,122.0,-,65,32.1,32.85,2.03,0.696,1.282,22.84,-,-,84.76,-
812,高雄市,1992/03,前金,21.6,1.89,15.1,151.0,-,55,29.92,26.9,-,-,-,22.48,-,-,81.47,-
813,高雄市,1992/03,復興,32.5,1.82,11.1,116.0,-,69,34.31,34.36,-,-,-,23.23,-,-,73.33,-
814,高雄市,1992/03,鳳山,30.1,2.05,11.9,133.0,-,64,28.42,34.56,-,-,-,23.13,-,-,73.33,-
815,高雄市,1992/02,楠梓,30.2,0.94,19.1,115.0,-,68,32.36,34.99,2.05,0.709,1.289,17.53,-,-,84.99,-
816,高雄市,1992/02,前金,20.2,2.26,16.6,92.0,-,57,28.62,28.67,-,-,-,17.87,-,-,80.08,-
817,高雄市,1992/02,復興,33.3,1.85,9.8,87.0,-,77,42.64,33.27,-,-,-,18.48,-,-,73.46,-
818,高雄市,1992/02,鳳山,38.2,1.4,14.1,132.0,-,67,30.53,35.96,-,-,-,18.09,-,-,73.99,-
819,高雄市,1992/01,楠梓,28.8,0.74,20.0,144.0,-,68,32.57,35.24,2.33,0.595,1.686,16.84,-,-,85.29,-
820,高雄市,1992/01,前金,20.2,2.6,15.4,114.0,-,62,28.29,35.13,-,-,-,17.64,-,-,78.22,-
821,高雄市,1992/01,復興,21.1,2.2,8.8,117.0,-,87,53.03,34.13,-,-,-,18.11,-,-,78.9,-
822,高雄市,1992/01,鳳山,42.3,1.81,12.1,150.0,-,83,40.53,42.14,-,-,-,17.43,-,-,75.3,-
823,高雄市,1991/12,楠梓,34.5,1.02,20.1,137.0,-,77,41.07,35.23,2.49,0.569,1.881,19.22,-,-,85.56,-
824,高雄市,1991/12,前金,25.5,1.99,18.1,156.0,-,69,31.66,38.99,-,-,-,18.81,-,-,78.82,-
825,高雄市,1991/12,復興,41.3,2.44,13.9,176.0,-,96,54.75,40.91,-,-,-,20.16,-,-,80.49,-
826,高雄市,1991/12,鳳山,33.6,2.08,16.7,163.0,-,77,33.7,43.32,-,-,-,18.98,-,-,78.9,-
827,高雄市,1991/11,楠梓,35.2,1.13,20.7,125.0,-,69,32.78,35.64,2.57,0.529,1.998,21.78,-,-,86.14,-
828,高雄市,1991/11,前金,19.7,2.44,14.1,158.0,-,46,21.08,25.05,-,-,-,22.07,-,-,78.39,-
829,高雄市,1991/11,復興,30.6,2.01,19.6,182.0,-,80,43.04,36.23,-,-,-,22.56,-,-,81.72,-
830,高雄市,1991/11,鳳山,45.9,2.11,19.6,167.0,-,64,25.58,37.73,-,-,-,21.09,-,-,76.35,-
831,高雄市,1991/10,楠梓,27.0,1.03,23.5,116.0,-,55,25.71,29.03,2.9,0.632,2.332,24.48,-,-,86.57,-
832,高雄市,1991/10,前金,20.0,2.09,20.4,158.0,-,39,15.46,22.68,-,-,-,25.2,-,-,72.29,-
833,高雄市,1991/10,復興,26.9,2.17,22.4,157.0,-,54,23.6,30.07,-,-,-,24.96,-,-,75.19,-
834,高雄市,1991/10,鳳山,36.4,2.14,22.0,124.0,-,52,15.59,35.54,-,-,-,23.02,-,-,75.26,-
835,高雄市,1991/09,楠梓,26.4,1.29,15.2,94.0,-,50,24.34,24.8,2.96,0.666,2.249,27.32,-,-,89.22,-
836,高雄市,1991/09,前金,21.7,2.72,18.2,120.0,-,41,15.55,25.17,-,-,-,29.11,-,-,59.99,-
837,高雄市,1991/09,復興,23.7,2.54,18.8,104.0,-,54,24.45,29.51,-,-,-,27.58,-,-,69.66,-
838,高雄市,1991/09,鳳山,25.0,2.72,20.3,98.0,-,40,12.53,26.91,-,-,-,26.2,-,-,75.17,-
839,高雄市,1991/08,楠梓,22.7,1.19,-,84.0,-,46,25.46,20.22,3.19,0.752,2.392,28.6,-,-,88.6,-
840,高雄市,1991/08,前金,17.5,2.37,18.5,-,-,32,14.18,18.21,-,-,-,29.91,-,-,61.17,-
841,高雄市,1991/08,復興,26.6,1.64,17.0,61.0,-,35,17.47,17.0,-,-,-,28.46,-,-,70.53,-
842,高雄市,1991/08,鳳山,16.3,2.01,19.2,65.0,-,34,11.72,21.9,-,-,-,27.03,-,-,78.25,-
843,高雄市,1991/07,楠梓,32.3,1.3,18.7,74.0,-,47,29.65,16.8,2.65,0.653,1.947,28.83,-,-,86.26,-
844,高雄市,1991/07,前金,17.7,1.49,10.5,47.0,-,29,13.4,14.37,-,-,-,28.58,-,-,65.52,-
845,高雄市,1991/07,復興,22.3,1.13,13.7,47.0,-,40,23.51,16.92,-,-,-,28.68,-,-,71.69,-
846,高雄市,1991/07,鳳山,15.8,1.33,13.0,42.0,-,33,14.07,18.41,-,-,-,27.24,-,-,77.34,-
847,高雄市,1991/06,楠梓,45.6,1.46,13.0,68.0,-,51,35.66,14.92,2.61,0.681,1.887,28.99,-,-,81.43,-
848,高雄市,1991/06,前金,16.9,1.19,10.4,48.0,-,25,13.61,10.3,-,-,-,28.48,-,-,75.65,-
849,高雄市,1991/06,復興,21.7,1.18,12.1,40.0,-,43,24.76,17.96,-,-,-,28.75,-,-,75.03,-
850,高雄市,1991/06,鳳山,16.4,1.24,10.8,50.0,-,36,18.07,17.29,-,-,-,28.49,-,-,71.29,-
851,高雄市,1991/05,楠梓,36.1,1.26,22.0,100.0,-,52,30.25,21.42,2.34,0.387,1.962,27.33,-,-,81.73,-
852,高雄市,1991/05,前金,16.5,1.34,16.7,73.0,-,25,9.56,14.75,-,-,-,27.17,-,-,75.93,-
853,高雄市,1991/05,復興,19.3,1.53,17.7,-,-,51,26.81,23.98,-,-,-,27.27,-,-,79.14,-
854,高雄市,1991/05,鳳山,18.2,1.22,15.4,-,-,45,17.83,26.38,-,-,-,27.47,-,-,72.85,-
855,高雄市,1991/04,楠梓,31.9,1.15,21.4,106.0,-,67,38.76,27.91,2.37,0.318,2.039,24.55,-,-,79.89,-
856,高雄市,1991/04,前金,13.4,1.54,17.9,75.0,-,40,16.47,22.42,-,-,-,24.57,-,-,77.58,-
857,高雄市,1991/04,復興,22.3,1.63,21.2,83.0,-,54,27.77,25.28,-,-,-,24.82,-,-,80.05,-
858,高雄市,1991/04,鳳山,25.2,1.96,17.2,79.0,-,49,20.0,28.12,-,-,-,24.93,-,-,75.38,-
859,高雄市,1991/03,楠梓,28.6,1.1,22.5,135.0,-,65,35.36,28.94,2.42,0.352,2.024,23.19,-,-,78.59,-
860,高雄市,1991/03,前金,17.9,1.92,16.6,118.0,-,48,23.09,23.56,-,-,-,24.47,-,-,67.17,-
861,高雄市,1991/03,復興,18.2,1.55,17.0,109.0,-,64,30.02,33.39,-,-,-,23.74,-,-,72.63,-
862,高雄市,1991/03,鳳山,27.2,1.75,16.1,118.0,-,57,23.78,32.89,-,-,-,23.56,-,-,73.89,-
863,高雄市,1991/02,楠梓,25.1,0.97,18.1,116.0,-,55,26.68,28.36,2.77,0.712,2.008,18.69,-,-,77.53,-
864,高雄市,1991/02,前金,17.8,1.74,20.7,119.0,-,57,28.42,27.65,-,-,-,18.43,-,-,67.35,-
865,高雄市,1991/02,復興,16.7,1.65,17.8,113.0,-,73,33.74,38.23,-,-,-,19.66,-,-,69.19,-
866,高雄市,1991/02,鳳山,24.6,1.82,-,110.0,-,68,27.74,39.69,-,-,-,19.33,-,-,70.32,-
867,高雄市,1991/01,楠梓,22.2,0.81,18.3,127.0,-,58,28.81,29.22,2.37,0.289,2.036,18.08,-,-,79.74,-
868,高雄市,1991/01,前金,14.4,1.72,17.8,133.0,-,62,24.85,36.5,-,-,-,18.63,-,-,79.75,-
869,高雄市,1991/01,復興,17.9,3.81,18.4,133.0,-,80,39.05,40.52,-,-,-,19.01,-,-,72.27,-
870,高雄市,1991/01,鳳山,26.3,1.45,-,129.0,-,79,34.91,43.36,-,-,-,18.34,-,-,75.42,-
871,高雄市,1990/12,楠梓,28.8,1.07,23.0,156.0,-,76,38.25,36.96,2.62,0.422,2.155,19.82,-,-,76.65,-
872,高雄市,1990/12,前金,18.9,2.47,20.2,163.0,-,72,33.28,37.16,-,-,-,19.78,-,-,68.01,-
873,高雄市,1990/12,復興,24.9,2.58,24.4,188.0,-,96,48.01,50.4,-,-,-,20.86,-,-,69.48,-
874,高雄市,1990/12,鳳山,29.5,1.98,20.1,161.0,-,79,31.52,47.18,-,-,-,18.41,-,-,80.06,-
875,高雄市,1990/11,楠梓,27.6,1.07,23.8,129.0,-,67,35.81,30.77,2.62,0.364,2.225,23.33,-,-,79.53,-
876,高雄市,1990/11,前金,15.7,2.51,23.7,147.0,-,50,19.28,29.96,-,-,-,24.27,-,-,61.6,-
877,高雄市,1990/11,復興,21.3,1.93,23.9,210.0,-,62,23.59,38.26,-,-,-,22.16,-,-,72.95,-
878,高雄市,1990/11,鳳山,20.7,1.78,23.3,130.0,-,48,12.77,34.39,-,-,-,22.29,-,-,77.06,-
879,高雄市,1990/10,楠梓,25.2,0.91,30.0,132.0,-,50,21.66,28.94,2.87,0.338,2.488,25.59,-,-,67.77,-
880,高雄市,1990/10,前金,16.5,1.99,33.2,130.0,-,48,15.06,32.37,-,-,-,26.15,-,-,64.2,-
881,高雄市,1990/10,復興,18.9,1.39,32.3,124.0,-,41,16.48,25.72,-,-,-,25.14,-,-,65.9,-
882,高雄市,1990/10,鳳山,17.0,1.91,28.2,115.0,-,42,8.25,32.8,-,-,-,24.9,-,-,73.26,-
883,高雄市,1990/09,楠梓,31.5,0.91,15.4,81.0,-,45,23.64,21.12,2.9,0.539,2.318,27.23,-,-,84.22,-
884,高雄市,1990/09,前金,15.5,1.59,18.2,69.0,-,43,18.49,23.69,-,-,-,27.72,-,-,70.65,-
885,高雄市,1990/09,復興,16.3,1.43,17.2,62.0,-,33,17.04,15.94,-,-,-,25.35,-,-,80.43,-
886,高雄市,1990/09,鳳山,12.2,1.86,17.4,61.0,-,30,10.93,18.8,-,-,-,26.96,-,-,71.99,-
887,高雄市,1990/08,楠梓,34.9,0.75,-,66.0,-,31,18.58,12.26,3.03,0.517,2.471,28.44,-,-,86.26,-
888,高雄市,1990/08,前金,9.7,1.08,18.2,46.0,-,25,10.67,15.11,-,-,-,28.78,-,-,72.83,-
889,高雄市,1990/08,復興,16.8,1.21,18.3,70.0,-,27,11.94,15.01,-,-,-,27.24,-,-,75.42,-
890,高雄市,1990/08,鳳山,14.1,1.48,16.6,-,-,24,10.68,12.78,-,-,-,28.51,-,-,65.36,-
891,高雄市,1990/07,楠梓,43.4,0.85,11.3,61.0,-,36,23.36,12.34,2.68,0.48,2.15,28.62,-,-,81.63,-
892,高雄市,1990/07,前金,13.4,1.5,13.5,29.0,-,28,13.46,13.33,-,-,-,28.55,-,-,72.64,-
893,高雄市,1990/07,復興,44.4,1.74,11.2,57.0,-,35,17.73,17.57,-,-,-,28.7,-,-,70.82,-
894,高雄市,1990/07,鳳山,14.4,1.76,12.2,-,-,29,12.71,15.86,-,-,-,28.77,-,-,61.95,-
895,高雄市,1990/06,楠梓,43.2,0.94,11.2,82.0,-,34,20.64,13.12,2.64,0.491,2.07,27.9,-,-,84.71,-
896,高雄市,1990/06,前金,19.9,1.51,12.0,29.0,-,33,17.49,14.98,-,-,-,27.92,-,-,72.58,-
897,高雄市,1990/06,復興,31.7,1.81,12.1,69.0,-,42,18.19,22.8,-,-,-,28.03,-,-,72.25,-
898,高雄市,1990/06,鳳山,15.5,1.64,10.5,-,-,25,11.98,12.93,-,-,-,28.18,-,-,68.1,-
899,高雄市,1990/05,楠梓,38.7,0.96,22.5,93.0,-,34,17.75,16.13,2.64,0.383,2.207,26.72,-,-,74.87,-
900,高雄市,1990/05,前金,21.6,1.75,21.8,59.0,-,32,11.67,18.91,-,-,-,27.1,-,-,67.59,-
901,高雄市,1990/05,復興,32.1,2.02,22.9,76.0,-,39,13.93,25.3,-,-,-,26.84,-,-,68.84,-
902,高雄市,1990/05,鳳山,23.1,1.53,20.3,-,-,32,10.43,21.05,-,-,-,25.7,-,-,74.59,-
903,高雄市,1990/04,楠梓,41.8,1.05,19.3,93.0,-,51,25.36,25.27,2.91,0.517,2.346,23.66,-,-,75.26,-
904,高雄市,1990/04,前金,17.5,2.05,19.5,139.0,-,35,12.74,21.4,-,-,-,24.24,-,-,67.75,-
905,高雄市,1990/04,復興,37.4,2.17,24.2,87.0,-,47,24.67,27.58,-,-,-,24.38,-,-,62.0,-
906,高雄市,1990/04,鳳山,24.7,1.74,18.5,109.0,-,41,14.16,25.75,-,-,-,23.03,-,-,77.48,-
907,高雄市,1990/03,楠梓,34.0,0.93,20.8,108.0,-,61,31.46,28.76,2.73,0.312,2.373,20.61,-,-,75.41,-
908,高雄市,1990/03,前金,30.8,1.39,17.6,232.0,-,42,15.22,25.63,-,-,-,20.25,-,-,69.97,-
909,高雄市,1990/03,復興,33.5,1.95,-,108.0,-,47,22.82,25.54,-,-,-,22.1,-,-,56.35,-
910,高雄市,1990/03,鳳山,54.5,1.83,17.7,159.0,-,24,10.25,13.36,-,-,-,21.07,-,-,71.24,-
911,高雄市,1990/02,楠梓,44.0,0.95,11.6,130.0,-,63,34.31,28.2,2.6,0.42,2.138,19.48,-,-,80.91,-
912,高雄市,1990/02,前金,23.6,1.82,10.8,-,-,48,16.83,30.25,-,-,-,19.96,-,-,65.96,-
913,高雄市,1990/02,復興,30.0,2.36,-,131.0,-,47,21.68,23.84,-,-,-,20.48,-,-,63.46,-
914,高雄市,1990/02,鳳山,69.2,1.86,12.9,-,-,23,10.9,12.01,-,-,-,21.19,-,-,72.28,-
915,高雄市,1990/01,楠梓,31.8,0.86,14.5,141.0,-,56,27.55,28.46,-,-,-,17.97,-,-,78.31,-
916,高雄市,1990/01,前金,18.7,1.68,11.5,69.0,-,37,18.02,21.52,-,-,-,16.87,-,-,56.57,-
917,高雄市,1990/01,復興,33.2,2.45,-,142.0,-,44,18.54,24.33,-,-,-,20.43,-,-,60.06,-
918,高雄市,1990/01,鳳山,53.0,1.88,12.9,186.0,-,24,10.16,13.52,-,-,-,18.23,-,-,74.62,-
919,高雄市,1989/12,楠梓,39.7,1.08,16.5,135.0,-,73,41.33,31.46,-,-,-,17.76,-,-,74.87,-
920,高雄市,1989/12,前金,26.1,2.04,17.3,83.0,-,49,21.14,28.13,-,-,-,14.51,-,-,-,-
921,高雄市,1989/12,復興,43.4,3.28,-,-,-,65,26.21,36.98,-,-,-,-,-,-,-,-
922,高雄市,1989/12,鳳山,35.7,2.12,19.2,186.0,-,22,9.24,12.54,-,-,-,17.88,-,-,74.82,-
923,高雄市,1989/11,楠梓,35.1,0.87,-,116.0,-,54,25.02,28.93,2.55,0.312,2.203,21.9,-,-,71.3,-
924,高雄市,1989/11,前金,28.3,1.85,22.6,88.0,-,40,12.31,28.25,-,-,-,19.46,-,-,77.51,-
925,高雄市,1989/11,復興,33.2,2.38,-,122.0,-,57,17.78,41.39,-,-,-,22.83,-,-,61.42,-
926,高雄市,1989/11,鳳山,38.1,1.63,21.7,84.0,-,22,6.94,14.16,-,-,-,21.66,-,-,76.76,-
927,高雄市,1989/10,楠梓,29.7,0.93,26.9,135.0,-,52,25.95,25.98,2.67,0.422,2.205,25.45,-,-,80.95,-
928,高雄市,1989/10,前金,38.1,1.63,35.6,80.0,-,37,10.1,26.18,-,-,-,23.27,-,-,80.23,-
929,高雄市,1989/10,復興,36.5,2.26,-,74.0,-,46,16.3,28.92,-,-,-,26.71,-,-,54.49,-
930,高雄市,1989/10,鳳山,28.0,1.73,25.6,87.0,-,18,4.62,13.29,-,-,-,24.77,-,-,68.29,-
931,高雄市,1989/09,楠梓,30.7,0.81,14.3,83.0,-,39,22.27,16.1,2.48,-,2.016,27.37,-,-,85.38,-
932,高雄市,1989/09,前金,22.3,1.29,31.7,62.0,-,33,16.22,15.76,-,-,-,27.04,-,-,77.99,-
933,高雄市,1989/09,復興,37.7,2.61,-,67.0,-,44,26.58,20.35,-,-,-,27.71,-,-,55.82,-
934,高雄市,1989/09,鳳山,15.3,-,15.5,47.0,-,18,6.67,10.96,-,-,-,26.25,-,-,68.37,-
935,高雄市,1989/08,楠梓,31.3,0.71,10.6,67.0,-,38,21.71,15.66,-,-,-,28.37,-,-,84.27,-
936,高雄市,1989/08,前金,11.5,1.2,17.2,65.0,-,28,10.89,16.58,-,-,-,28.51,-,-,75.19,-
937,高雄市,1989/08,復興,29.2,2.25,13.6,71.0,-,36,16.7,20.09,-,-,-,28.21,-,-,56.4,-
938,高雄市,1989/08,鳳山,13.9,1.26,11.0,-,-,23,8.12,16.29,-,-,-,26.14,-,-,75.71,-
939,高雄市,1989/07,楠梓,31.2,0.69,-,66.0,-,42,27.78,13.9,2.32,-,2.019,29.09,-,-,78.62,-
940,高雄市,1989/07,前金,17.4,1.5,8.1,68.0,-,33,16.35,16.32,-,-,-,29.43,-,-,48.65,-
941,高雄市,1989/07,復興,29.3,1.5,11.6,61.0,-,39,20.45,20.71,-,-,-,28.9,-,-,57.01,-
942,高雄市,1989/07,鳳山,22.1,-,8.1,-,-,-,-,-,-,-,-,27.4,-,-,65.79,-
943,高雄市,1989/06,楠梓,25.4,0.73,-,98.0,-,37,24.29,14.48,2.23,-,1.978,28.15,-,-,80.21,-
944,高雄市,1989/06,前金,16.2,2.23,13.3,90.0,-,26,10.44,15.64,-,-,-,28.51,-,-,62.13,-
945,高雄市,1989/06,復興,29.8,1.6,17.2,91.0,-,32,16.39,21.65,-,-,-,28.33,-,-,58.61,-
946,高雄市,1989/06,鳳山,15.7,1.83,12.7,-,-,34,16.45,19.84,-,-,-,26.45,-,-,70.15,-
947,高雄市,1989/05,楠梓,20.6,0.77,14.9,105.0,-,47,25.02,21.73,2.41,0.385,1.985,26.45,-,-,80.4,-
948,高雄市,1989/05,前金,14.0,2.23,18.8,-,-,25,9.17,15.94,-,-,-,26.6,-,-,69.16,-
949,高雄市,1989/05,復興,21.0,1.96,22.4,123.0,-,42,17.38,29.49,-,-,-,26.59,-,-,58.13,-
950,高雄市,1989/05,鳳山,23.7,2.09,15.8,-,-,35,11.9,23.11,-,-,-,24.64,-,-,76.2,-
951,高雄市,1989/04,楠梓,25.7,0.95,19.5,145.0,-,55,27.59,26.64,2.64,0.482,2.109,24.4,-,-,81.91,-
952,高雄市,1989/04,前金,12.2,2.83,19.2,-,-,32,16.78,17.73,-,-,-,24.5,-,-,77.63,-
953,高雄市,1989/04,復興,22.4,4.19,19.4,183.0,-,54,24.32,35.67,-,-,-,24.7,-,-,56.66,-
954,高雄市,1989/04,鳳山,22.1,2.42,15.1,-,-,46,13.9,31.87,-,-,-,23.34,-,-,79.02,-
955,高雄市,1989/03,楠梓,29.7,0.85,-,176.0,-,50,22.65,27.44,2.36,0.295,2.016,19.4,-,-,67.59,-
956,高雄市,1989/03,前金,-,2.98,17.4,140.0,-,41,13.99,27.38,-,-,-,19.87,-,-,66.88,-
957,高雄市,1989/03,復興,35.6,4.62,30.3,233.0,-,65,35.76,45.3,-,-,-,21.11,-,-,58.84,-
958,高雄市,1989/03,鳳山,36.1,2.02,17.4,-,-,65,19.72,47.54,-,-,-,19.45,-,-,58.3,-
959,高雄市,1989/02,楠梓,25.0,0.83,20.3,137.0,-,40,15.98,23.62,2.24,0.214,1.939,18.12,-,-,73.28,-
960,高雄市,1989/02,前金,10.2,1.62,13.2,148.0,-,36,13.12,26.39,-,-,-,18.19,-,-,69.51,-
961,高雄市,1989/02,復興,16.0,3.84,-,216.0,-,62,27.26,34.4,-,-,-,-,-,-,63.78,-
962,高雄市,1989/02,鳳山,30.9,-,11.1,103.0,-,57,21.87,34.76,-,-,-,18.6,-,-,58.34,-
963,高雄市,1989/01,楠梓,30.0,0.89,15.1,166.0,-,45,23.88,20.66,2.5,0.404,2.047,18.06,-,-,78.68,-
964,高雄市,1989/01,前金,28.5,1.87,8.7,-,-,42,19.71,28.13,-,-,-,18.3,-,-,76.39,-
965,高雄市,1989/01,復興,19.2,2.58,-,212.0,-,61,35.26,25.77,-,-,-,18.53,-,-,71.21,-
966,高雄市,1989/01,鳳山,38.6,1.52,-,-,-,54,23.36,31.42,-,-,-,18.38,-,-,60.55,-
967,高雄市,1988/12,楠梓,29.2,0.95,17.9,174.0,-,65,37.07,27.44,2.72,0.494,2.184,17.68,-,-,72.56,-
968,高雄市,1988/12,前金,50.6,4.44,15.1,-,-,51,16.05,39.11,-,-,-,18.92,-,-,64.57,-
969,高雄市,1988/12,復興,27.7,3.2,-,-,-,72,37.4,34.5,-,-,-,18.31,-,-,60.17,-
970,高雄市,1988/12,鳳山,36.9,-,-,-,-,58,25.16,32.77,-,-,-,18.07,-,-,60.58,-
971,高雄市,1988/11,楠梓,24.8,0.85,16.9,158.0,-,50,25.56,24.41,2.46,-,2.092,20.72,-,-,73.65,-
972,高雄市,1988/11,前金,47.4,2.78,17.8,-,-,44,15.77,31.74,-,-,-,21.97,-,-,60.55,-
973,高雄市,1988/11,復興,26.6,1.92,-,-,-,33,15.39,19.21,-,-,-,21.27,-,-,52.15,-
974,高雄市,1988/11,鳳山,67.8,1.66,15.7,-,-,56,21.84,33.7,-,-,-,21.11,-,-,61.14,-
975,高雄市,1988/10,楠梓,27.7,0.91,14.9,160.0,-,40,19.45,19.61,2.51,0.411,2.058,26.31,-,-,81.04,-
976,高雄市,1988/10,前金,38.2,2.17,19.2,-,-,61,20.03,45.29,-,-,-,27.15,-,-,62.89,-
977,高雄市,1988/10,復興,27.9,2.5,-,-,-,38,13.2,25.87,-,-,-,26.5,-,-,57.75,-
978,高雄市,1988/10,鳳山,26.0,3.56,15.6,-,-,43,16.1,26.37,-,-,-,25.51,-,-,62.41,-
979,高雄市,1988/08,楠梓,34.3,0.71,6.6,55.0,-,36,24.87,11.14,2.18,-,1.402,28.29,-,-,77.54,-
980,高雄市,1988/08,前金,9.1,1.66,7.2,-,-,34,19.23,15.05,-,-,-,27.91,-,-,68.9,-
981,高雄市,1988/08,復興,17.5,2.87,-,-,-,40,25.13,14.94,-,-,-,28.83,-,-,53.31,-
982,高雄市,1988/08,鳳山,13.7,2.76,9.0,-,-,28,10.28,18.26,-,-,-,25.94,-,-,49.17,-
983,高雄市,1988/07,楠梓,36.7,0.78,6.6,60.0,-,39,25.81,12.45,3.77,1.874,1.849,29.16,-,-,78.52,-
984,高雄市,1988/07,前金,11.6,1.2,6.4,-,-,28,13.04,14.58,-,-,-,29.03,-,-,67.39,-
985,高雄市,1988/07,復興,20.0,1.3,9.3,-,-,25,12.33,13.58,-,-,-,30.24,-,-,54.95,-
986,高雄市,1988/07,鳳山,16.9,-,11.8,-,-,36,14.3,20.4,-,-,-,28.89,-,-,74.04,-
987,高雄市,1988/06,楠梓,40.4,0.8,7.4,66.0,-,39,25.56,12.54,3.39,1.3,2.047,28.56,-,-,79.29,-
988,高雄市,1988/06,前金,12.0,1.76,7.3,-,-,31,19.44,16.94,-,-,-,28.21,-,-,69.48,-
989,高雄市,1988/06,復興,18.4,2.38,9.2,-,-,24,12.72,11.78,-,-,-,29.79,-,-,62.26,-
990,高雄市,1988/06,鳳山,15.7,1.63,15.0,-,-,51,13.27,37.55,-,-,-,28.68,-,-,-,-
991,高雄市,1988/05,楠梓,27.4,0.78,8.9,77.0,-,37,23.14,13.2,2.73,0.795,1.888,27.78,-,-,80.67,-
992,高雄市,1988/05,前金,11.0,-,11.9,-,-,34,15.09,19.16,-,-,-,27.97,-,-,72.09,-
993,高雄市,1988/05,復興,21.6,1.87,15.1,-,-,37,16.77,22.81,-,-,-,29.58,-,-,63.0,-
994,高雄市,1988/05,鳳山,19.3,1.55,13.8,-,-,61,9.0,52.64,-,-,-,28.28,-,-,54.65,-
995,高雄市,1988/04,楠梓,28.1,0.91,16.3,128.0,-,42,19.84,22.1,2.83,0.645,2.136,22.67,-,-,79.72,-
996,高雄市,1988/04,前金,14.7,-,21.5,-,-,46,20.4,28.25,-,-,-,23.05,-,-,71.69,-
997,高雄市,1988/04,復興,25.2,1.77,33.2,-,-,54,23.2,33.06,-,-,-,24.76,-,-,63.13,-
998,高雄市,1988/04,鳳山,27.1,1.63,20.0,-,-,55,18.27,32.5,-,-,-,23.37,-,-,71.27,-
999,高雄市,1988/03,楠梓,23.7,0.82,18.2,172.0,-,43,19.36,23.23,2.45,0.538,1.866,19.96,-,-,77.95,-
1000,高雄市,1988/03,前金,33.7,0.76,15.8,-,-,44,14.64,29.02,-,-,-,20.58,-,-,74.09,-
1001,高雄市,1988/03,復興,21.0,1.81,18.8,-,-,58,23.45,34.76,-,-,-,22.71,-,-,63.59,-
1002,高雄市,1988/03,鳳山,45.6,1.26,12.9,-,-,58,25.87,35.67,-,-,-,20.67,-,-,59.56,-
1003,高雄市,1988/02,楠梓,21.7,-,22.2,131.0,-,42,18.33,23.56,2.38,0.542,1.792,18.41,-,-,76.53,-
1004,高雄市,1988/02,前金,17.5,0.77,15.7,-,-,48,18.54,30.09,-,-,-,18.42,-,-,76.14,-
1005,高雄市,1988/02,復興,13.6,1.34,18.3,-,-,42,18.39,26.89,-,-,-,21.43,-,-,63.2,-
1006,高雄市,1988/02,鳳山,50.0,1.85,18.2,-,-,-,-,-,-,-,-,19.09,-,-,61.9,-
1007,高雄市,1988/01,楠梓,22.5,0.75,16.6,125.0,-,46,21.51,23.94,2.15,0.338,1.772,17.29,-,-,84.98,-
1008,高雄市,1988/01,前金,19.9,1.06,14.3,-,-,43,17.48,25.07,-,-,-,18.39,-,-,78.73,-
1009,高雄市,1988/01,復興,19.2,1.67,12.5,-,-,59,23.01,37.23,-,-,-,21.18,-,-,62.54,-
1010,高雄市,1988/01,鳳山,41.2,1.52,12.1,-,-,24,13.55,12.56,-,-,-,19.01,-,-,67.91,-
1011,高雄市,1987/12,楠梓,20.9,0.79,18.7,107.0,-,52,24.48,26.6,2.16,0.301,1.821,16.59,-,-,83.49,-
1012,高雄市,1987/12,前金,20.8,1.05,17.9,-,-,52,19.5,33.33,-,-,-,18.54,-,-,73.75,-
1013,高雄市,1987/12,復興,-,1.41,16.7,-,-,76,38.73,41.01,-,-,-,21.05,-,-,58.56,-
1014,高雄市,1987/12,鳳山,37.9,1.36,12.8,-,-,-,-,-,-,-,-,19.72,-,-,59.19,-
1015,高雄市,1987/11,楠梓,26.0,0.79,16.9,174.0,-,43,18.85,23.81,2.25,0.299,1.912,21.92,-,-,89.4,-
1016,高雄市,1987/11,前金,27.4,1.03,15.0,-,-,44,16.36,28.1,-,-,-,24.05,-,-,48.25,-
1017,高雄市,1987/11,鳳山,30.6,-,14.8,-,-,37,-,22.24,-,-,-,25.96,-,-,70.63,-
1018,高雄市,1987/10,楠梓,27.1,0.77,16.3,191.0,-,41,18.34,22.25,2.23,0.366,1.852,24.44,-,-,89.49,-
1019,高雄市,1987/10,前金,18.2,1.48,15.1,-,-,37,13.63,23.73,-,-,-,26.27,-,-,47.44,-
1020,高雄市,1987/10,復興,21.7,2.53,24.9,-,-,38,16.53,21.47,-,-,-,28.25,-,-,65.3,-
1021,高雄市,1987/10,鳳山,19.3,1.05,-,-,-,22,-,19.35,-,-,-,27.98,-,-,69.16,-
1022,高雄市,1987/09,楠梓,34.1,0.74,20.7,113.0,-,43,19.6,23.19,2.33,0.437,1.878,25.17,-,-,86.81,-
1023,高雄市,1987/09,前金,16.8,1.64,11.8,-,-,34,11.73,22.14,-,-,-,27.43,-,-,53.11,-
1024,高雄市,1987/09,復興,23.4,-,15.1,-,-,44,14.87,28.88,-,-,-,29.58,-,-,48.71,-
1025,高雄市,1987/09,鳳山,16.7,1.07,13.5,-,-,20,9.3,12.24,-,-,-,28.36,-,-,74.04,-
1026,高雄市,1987/08,楠梓,24.9,0.67,3.1,63.0,-,36,24.83,10.91,2.19,0.467,1.699,26.91,-,-,81.58,-
1027,高雄市,1987/08,前金,12.2,1.78,6.7,-,-,33,15.86,15.82,-,-,-,-,-,-,55.63,-
1028,高雄市,1987/08,復興,17.3,1.48,9.5,-,-,38,15.63,23.21,-,-,-,30.68,-,-,57.13,-
1029,高雄市,1987/08,鳳山,9.2,0.9,7.4,-,-,11,5.8,6.37,-,-,-,28.51,-,-,68.24,-
1030,高雄市,1987/07,楠梓,34.8,0.77,5.3,62.0,-,32,22.44,9.48,2.33,0.658,1.626,26.73,-,-,85.96,-
1031,高雄市,1987/07,前金,13.1,1.89,-,-,-,35,18.46,13.6,-,-,-,-,-,-,-,-
1032,高雄市,1987/07,復興,14.8,1.94,6.0,-,-,38,23.15,17.63,-,-,-,29.62,-,-,62.08,-
1033,高雄市,1987/07,鳳山,13.7,0.7,5.3,-,-,11,5.63,5.78,-,-,-,28.37,-,-,80.63,-
1034,高雄市,1987/06,楠梓,26.6,0.75,9.8,87.0,-,22,11.33,10.49,2.32,0.427,1.845,27.17,-,-,78.23,-
1035,高雄市,1987/06,前金,19.5,1.6,-,-,-,37,15.73,21.97,-,-,-,29.25,-,-,68.16,-
1036,高雄市,1987/06,復興,16.8,2.28,11.2,-,-,33,14.43,19.49,-,-,-,27.93,-,-,70.58,-
1037,高雄市,1987/06,鳳山,14.6,1.4,10.0,-,-,27,10.75,20.72,-,-,-,27.93,-,-,73.03,-
1038,高雄市,1987/05,楠梓,31.0,0.82,-,96.0,-,30,20.35,9.5,2.21,0.413,1.792,26.35,-,-,68.28,-
1039,高雄市,1987/05,前金,12.7,1.7,7.5,-,-,31,11.53,18.87,-,-,-,27.66,-,-,65.22,-
1040,高雄市,1987/05,復興,33.9,1.34,11.0,-,-,38,12.38,27.19,-,-,-,-,-,-,-,-
1041,高雄市,1987/05,鳳山,16.4,1.48,11.0,-,-,21,-,10.92,-,-,-,27.36,-,-,-,-
1042,高雄市,1987/04,楠梓,43.5,0.76,-,114.0,-,32,16.82,14.48,2.19,0.327,1.869,23.75,-,-,73.16,-
1043,高雄市,1987/04,前金,26.6,1.2,10.9,-,-,-,8.97,-,-,-,-,26.28,-,-,60.26,-
1044,高雄市,1987/04,復興,47.1,1.72,-,-,-,62,31.7,44.99,-,-,-,-,-,-,-,-
1045,高雄市,1987/04,鳳山,33.5,1.34,12.7,-,-,32,10.71,23.15,-,-,-,24.74,-,-,-,-
1046,高雄市,1987/03,楠梓,29.7,0.8,20.7,128.0,-,61,34.15,26.86,-,-,-,22.24,-,-,89.81,-
1047,高雄市,1987/03,前金,14.7,1.58,9.5,104.0,-,39,14.97,28.06,-,-,-,22.28,-,-,69.34,-
1048,高雄市,1987/03,復興,47.1,1.95,7.4,-,-,49,20.2,31.4,-,-,-,-,-,-,-,-
1049,高雄市,1987/03,鳳山,22.8,1.35,11.9,-,-,27,12.57,16.33,-,-,-,22.94,-,-,-,-
1050,高雄市,1987/02,楠梓,23.1,0.79,-,143.0,-,54,27.66,25.46,2.09,-,1.861,18.37,-,-,74.88,-
1051,高雄市,1987/02,前金,12.7,1.88,12.6,129.0,-,-,-,-,-,-,-,19.91,-,-,61.94,-
1052,高雄市,1987/02,復興,13.9,1.91,11.1,-,-,47,22.91,28.58,-,-,-,-,-,-,-,-
1053,高雄市,1987/02,鳳山,17.5,1.55,17.4,-,-,24,-,13.71,-,-,-,18.98,-,-,-,-
1054,高雄市,1987/01,楠梓,21.3,0.78,-,137.0,-,50,23.59,25.47,2.07,0.286,1.839,17.01,-,-,71.24,-
1055,高雄市,1987/01,前金,10.5,1.69,12.4,-,-,-,-,-,-,-,-,17.17,-,-,66.32,-
1056,高雄市,1987/01,復興,10.5,2.47,16.4,-,-,51,27.74,27.28,-,-,-,-,-,-,-,-
1057,高雄市,1987/01,鳳山,15.9,1.64,17.5,-,-,17,9.7,9.83,-,-,-,17.88,-,-,-,-
1058,高雄市,1986/12,楠梓,21.5,0.81,-,150.0,-,58,29.84,27.5,2.1,0.26,1.85,18.74,-,-,71.51,-
1059,高雄市,1986/12,前金,12.9,1.52,10.0,160.0,-,52,21.08,34.41,-,-,-,18.55,-,-,68.34,-
1060,高雄市,1986/12,復興,12.8,2.38,15.7,-,-,56,29.26,34.02,-,-,-,-,-,-,-,-
1061,高雄市,1986/12,鳳山,24.0,1.48,15.6,-,-,29,15.52,14.15,-,-,-,19.2,-,-,-,-
1062,高雄市,1986/11,楠梓,31.6,0.77,-,151.0,-,42,19.4,22.09,-,-,-,22.57,-,-,76.79,-
1063,高雄市,1986/11,前金,17.2,2.01,10.8,-,-,43,13.89,29.83,-,-,-,22.18,-,-,69.54,-
1064,高雄市,1986/11,復興,15.5,2.16,13.6,-,-,44,31.05,23.82,-,-,-,-,-,-,-,-
1065,高雄市,1986/11,鳳山,29.5,1.53,16.9,-,-,39,20.91,-,-,-,-,-,-,-,-,-
1066,高雄市,1986/10,楠梓,23.0,0.5,26.2,153.0,-,42,19.35,21.8,-,-,-,25.26,-,-,76.41,-
1067,高雄市,1986/10,前金,14.9,1.7,16.7,-,-,33,8.08,23.25,-,-,-,25.83,-,-,65.47,-
1068,高雄市,1986/10,復興,22.7,2.23,14.4,-,-,36,22.44,20.29,-,-,-,-,-,-,-,-
1069,高雄市,1986/10,鳳山,20.3,0.98,24.1,-,-,45,13.32,32.65,-,-,-,-,-,-,-,-
1070,高雄市,1986/09,前金,11.5,1.51,15.7,-,-,35,10.58,23.88,-,-,-,27.6,-,-,68.7,-
1071,高雄市,1986/09,復興,42.4,1.94,12.6,-,-,37,16.69,19.87,-,-,-,-,-,-,-,-
1072,高雄市,1986/09,鳳山,15.1,1.04,22.0,-,-,30,-,23.09,-,-,-,-,-,-,-,-
1073,高雄市,1986/08,楠梓,-,-,-,81.0,-,-,-,-,-,-,-,27.82,-,-,78.81,-
1074,高雄市,1986/08,前金,19.5,1.98,15.6,-,-,26,-,18.86,-,-,-,29.31,-,-,67.77,-
1075,高雄市,1986/08,復興,51.3,1.81,11.9,-,-,31,14.1,17.16,-,-,-,-,-,-,-,-
1076,高雄市,1986/08,鳳山,21.8,-,17.2,-,-,28,-,21.06,-,-,-,-,-,-,-,-
1077,高雄市,1986/07,前金,23.0,2.13,10.1,-,-,37,16.63,19.32,-,-,-,29.74,-,-,67.4,-
1078,高雄市,1986/07,復興,48.2,1.5,9.4,-,-,-,11.82,-,-,-,-,-,-,-,-,-
1079,高雄市,1986/07,鳳山,19.6,-,-,-,-,24,-,16.17,-,-,-,-,-,-,-,-
1080,高雄市,1986/06,前金,28.4,1.94,-,-,-,36,14.14,22.53,-,-,-,27.06,-,-,78.3,-
1081,高雄市,1986/06,復興,48.2,1.05,6.8,-,-,23,14.7,11.84,-,-,-,-,-,-,-,-
1082,高雄市,1986/06,鳳山,-,-,-,-,-,20,7.7,12.15,-,-,-,-,-,-,-,-
1083,高雄市,1986/05,前金,42.0,1.34,10.1,-,-,46,26.8,20.63,-,-,-,26.71,-,-,71.93,-
1084,高雄市,1986/05,復興,-,1.0,-,-,-,23,19.28,-,-,-,-,26.8,-,-,73.62,-
1085,高雄市,1986/05,鳳山,24.2,0.71,12.1,-,-,27,12.07,17.24,-,-,-,-,-,-,-,-
1086,高雄市,1986/04,前金,21.6,1.29,8.9,-,-,36,11.33,24.31,-,-,-,26.01,-,-,68.72,-
1087,高雄市,1986/04,復興,51.6,1.43,10.3,-,-,33,17.26,19.66,-,-,-,25.61,-,-,69.85,-
1088,高雄市,1986/04,鳳山,19.1,0.7,10.0,-,-,22,-,16.07,-,-,-,-,-,-,366.36,-
1089,高雄市,1986/03,前金,16.4,-,9.3,-,-,35,15.43,19.57,-,-,-,20.96,-,-,67.09,-
1090,高雄市,1986/03,復興,63.3,-,19.7,-,-,42,29.04,19.56,-,-,-,20.7,-,-,64.34,-
1091,高雄市,1986/03,鳳山,23.1,1.22,10.8,-,-,47,22.99,24.87,-,-,-,-,-,-,-,-
1092,高雄市,1986/02,前金,11.5,-,9.8,-,-,38,16.82,21.5,-,-,-,16.67,-,-,70.9,-
1093,高雄市,1986/02,復興,39.2,-,13.4,-,-,32,24.95,17.23,-,-,-,16.6,-,-,36.38,-
1094,高雄市,1986/02,鳳山,31.5,-,16.4,-,-,21,-,13.64,-,-,-,-,-,-,-,-
1095,高雄市,1986/01,前金,25.0,1.73,14.3,-,-,42,17.9,25.41,-,-,-,16.28,-,-,66.15,-
1096,高雄市,1986/01,復興,80.8,2.44,25.4,-,-,38,31.79,-,-,-,-,16.41,-,-,54.08,-
1097,高雄市,1986/01,鳳山,30.4,-,19.3,-,-,16,6.94,9.66,-,-,-,-,-,-,-,-
1098,高雄市,1985/11,前金,24.3,2.07,-,-,-,22,-,16.62,-,-,-,22.51,-,-,-,-
1099,高雄市,1985/11,復興,-,-,32.7,-,-,19,-,10.16,-,-,-,23.22,-,-,49.67,-
1100,高雄市,1985/11,鳳山,20.6,1.0,-,-,-,37,14.22,23.73,-,-,-,-,-,-,-,-
1101,高雄市,1985/10,前金,26.8,2.57,-,-,-,33,-,25.58,-,-,-,25.48,-,-,-,-
1102,高雄市,1985/10,復興,-,1.24,37.1,-,-,12,-,8.5,-,-,-,26.41,-,-,57.72,-
1103,高雄市,1985/10,鳳山,21.1,0.58,24.8,-,-,10,-,8.01,-,-,-,27.15,-,-,-,-
1104,高雄市,1985/09,前金,18.0,4.44,-,-,-,48,-,35.49,-,-,-,26.8,-,-,-,-
1105,高雄市,1985/09,復興,65.2,0.97,25.5,-,-,-,-,-,-,-,-,27.21,-,-,76.27,-
1106,高雄市,1985/09,鳳山,18.4,-,21.6,-,-,-,-,-,-,-,-,27.95,-,-,-,-
1107,高雄市,1985/08,前金,18.0,-,-,-,-,33,21.78,-,-,-,-,26.64,-,-,-,-
1108,高雄市,1985/08,復興,61.5,3.18,13.9,74.0,-,30,11.45,18.31,-,-,-,27.68,-,-,65.69,-
1109,高雄市,1985/08,鳳山,19.6,0.71,-,-,-,25,-,-,-,-,-,28.76,-,-,-,-
1110,高雄市,1985/07,前金,27.0,-,-,-,-,48,34.18,24.07,-,-,-,28.06,-,-,-,-
1111,高雄市,1985/07,復興,71.5,3.71,13.4,-,-,27,-,18.05,-,-,-,28.13,-,-,62.83,-
1112,高雄市,1985/07,鳳山,31.3,0.82,10.3,-,-,23,-,15.87,-,-,-,28.54,-,-,-,-
1113,高雄市,1985/06,前金,-,1.72,19.4,-,-,62,25.95,29.56,-,-,-,24.07,-,-,-,-
1114,高雄市,1985/06,復興,65.6,-,18.6,-,-,48,-,-,-,-,-,26.87,-,-,70.87,-
1115,高雄市,1985/06,鳳山,-,-,15.4,82.0,-,26,-,23.41,-,-,-,27.38,-,-,51.1,-
1116,高雄市,1985/05,前金,40.9,-,15.1,-,-,53,21.35,26.48,-,-,-,25.0,-,-,-,-
1117,高雄市,1985/05,復興,66.6,-,-,-,-,-,-,-,-,-,-,27.18,-,-,71.74,-
1118,高雄市,1985/05,鳳山,43.8,-,13.9,83.0,-,31,-,27.08,-,-,-,28.52,-,-,53.72,-
1119,高雄市,1985/03,前金,31.7,-,24.1,-,-,41,15.48,25.24,-,-,-,18.96,-,-,-,-
1120,高雄市,1985/03,復興,76.8,-,21.3,-,-,60,31.61,31.15,-,-,-,19.21,-,-,85.2,-
1121,高雄市,1985/03,鳳山,31.3,1.12,11.9,124.0,-,49,-,32.25,-,-,-,19.75,-,-,61.62,-
1122,高雄市,1985/02,前金,20.2,-,30.7,-,-,57,19.92,36.91,-,-,-,19.2,-,-,-,-
1123,高雄市,1985/02,復興,107.8,1.31,18.9,-,-,87,57.36,35.65,-,-,-,20.4,-,-,86.42,-
1124,高雄市,1985/02,鳳山,42.8,1.82,9.9,-,-,-,-,-,-,-,-,19.91,-,-,71.52,-
1125,高雄市,1985/01,前金,-,-,24.5,-,-,44,15.76,27.76,-,-,-,17.13,-,-,-,-
1126,高雄市,1985/01,復興,75.3,-,22.5,114.0,-,71,48.38,32.54,-,-,-,17.48,-,-,81.75,-
1127,高雄市,1984/12,前金,-,1.18,-,-,-,34,11.99,21.13,-,-,-,18.66,-,-,-,-
1128,高雄市,1984/12,復興,54.1,1.35,30.4,40.0,-,53,24.13,31.31,-,-,-,18.94,-,-,80.75,-
1129,高雄市,1984/12,鳳山,32.6,1.3,14.1,-,-,50,-,25.55,-,-,-,18.08,-,-,-,-
1130,高雄市,1984/11,鳳山,32.8,1.45,27.3,-,-,43,20.81,22.72,-,-,-,23.93,-,-,43.84,-
1131,高雄市,1984/10,前金,27.6,1.95,21.2,-,-,36,14.57,20.53,-,-,-,25.54,-,-,40.8,-
1132,高雄市,1984/10,復興,41.9,0.65,19.0,86.0,-,52,29.28,24.46,-,-,-,25.86,-,-,52.17,-
1133,高雄市,1984/10,鳳山,21.2,1.36,18.7,-,-,33,9.52,23.21,-,-,-,26.25,-,-,60.26,-
1134,高雄市,1984/09,前金,15.0,2.45,-,-,-,31,14.19,16.49,-,-,-,27.62,-,-,25.23,-
1135,高雄市,1984/09,復興,62.6,0.59,10.4,53.0,-,43,26.09,19.64,-,-,-,27.66,-,-,25.32,-
1136,高雄市,1984/09,鳳山,27.5,-,9.5,16.0,-,-,-,-,-,-,-,27.6,-,-,46.11,-
1137,高雄市,1984/08,前金,23.5,2.02,-,-,-,30,14.48,15.68,-,-,-,27.56,-,-,27.16,-
1138,高雄市,1984/08,鳳山,40.3,1.97,18.5,19.0,-,16,8.16,9.85,-,-,-,27.44,-,-,59.42,-
1139,高雄市,1984/07,前金,-,3.26,-,-,-,25,17.24,10.14,-,-,-,28.05,-,-,27.09,-
1140,高雄市,1984/07,鳳山,27.5,1.13,7.5,-,-,-,-,-,-,-,-,28.29,-,-,70.63,-
1141,高雄市,1984/06,前金,20.0,2.41,-,54.0,-,27,14.84,11.85,-,-,-,28.11,-,-,138.41,-
1142,高雄市,1984/06,鳳山,19.9,1.07,-,43.0,-,-,-,-,-,-,-,27.96,-,-,75.56,-
1143,高雄市,1984/04,前金,33.4,2.3,8.5,111.0,-,-,-,-,-,-,-,23.45,-,-,53.63,-
1144,高雄市,1984/04,復興,42.2,1.93,10.8,71.0,-,49,35.78,32.43,-,-,-,24.36,-,-,58.58,-
1145,高雄市,1984/04,鳳山,43.1,2.32,7.7,101.0,-,32,15.44,17.17,-,-,-,24.48,-,-,81.93,-
1146,高雄市,1984/03,前金,28.5,1.73,8.1,115.0,-,-,-,-,-,-,-,19.77,-,-,51.2,-
1147,高雄市,1984/03,復興,39.8,1.46,10.3,119.0,-,54,38.56,30.5,-,-,-,20.86,-,-,74.15,-
1148,高雄市,1984/03,鳳山,45.9,2.06,7.8,81.0,-,41,23.2,22.37,-,-,-,21.15,-,-,78.78,-
1149,高雄市,1984/02,前金,16.6,0.43,8.5,61.0,-,19,13.26,6.95,-,-,-,17.32,-,-,62.5,-
1150,高雄市,1984/02,復興,-,-,8.5,88.0,-,46,35.87,27.37,-,-,-,17.98,-,-,89.96,-
1151,高雄市,1984/02,鳳山,62.8,1.33,7.3,78.0,-,49,23.01,25.29,-,-,-,18.06,-,-,81.47,-
1152,高雄市,1984/01,前金,20.0,0.96,-,66.0,-,24,14.53,9.85,-,-,-,16.54,-,-,61.08,-
1153,高雄市,1984/01,復興,22.3,1.09,10.8,99.0,-,52,40.55,32.81,2.03,0.511,1.904,16.86,-,-,70.03,-
1154,高雄市,1984/01,鳳山,57.5,1.25,15.3,60.0,-,56,20.41,34.68,-,-,-,17.05,-,-,81.62,-
1155,高雄市,1983/12,前金,30.6,1.61,-,117.0,-,28,17.15,11.52,-,-,-,18.0,-,-,66.11,-
1156,高雄市,1983/12,鳳山,52.7,-,-,-,-,53,17.68,34.92,-,-,-,18.96,-,-,77.42,-
1157,高雄市,1983/11,前金,-,1.52,10.3,141.0,-,34,16.69,16.75,-,-,-,22.05,-,-,72.65,-
1158,高雄市,1983/11,復興,36.7,3.82,15.0,88.0,-,62,30.69,38.32,2.09,-,1.742,21.66,-,-,70.07,-
1159,高雄市,1983/11,鳳山,49.3,-,-,-,-,48,14.52,33.14,-,-,-,21.8,-,-,76.49,-
1160,高雄市,1983/10,復興,45.9,1.66,8.2,119.0,-,46,24.66,21.35,-,-,-,27.72,-,-,89.84,-
1161,高雄市,1983/10,鳳山,52.1,-,-,251.0,-,38,10.65,27.38,-,-,-,27.03,-,-,88.98,-
,,,,,,,,,,,,,,,,,,,
,,,,,,,,,,,,,,,,,,,
