SO2,CO,O3,PM25,Nox,NO,NO2,THC,NMHC,CH4,WindSpeed,TEMP,Humidity,Danger
4.4,0.47,32.2,31,24,3.46,20.84,2.309,0.231,2.078,1.91,24.86,77.11,0
6.4,0.52,30.2,32,32,5.64,26.3,2.186,0.227,1.959,1.72,26.58,71.93,0
3.2,0.45,30.5,46,20,2.36,18.05,0,0,0,2.08,24.75,76.33,1
5.2,0.47,32.5,38,24,3.18,20.64,2.374,0.225,2.15,1.66,24.97,79.97,1
4.5,0.72,29.9,32,29,5.43,23.82,2.29,0.287,2.004,1.03,26.18,73.78,0
3.7,0.48,35.3,30,21,2.2,18.95,2.202,0.179,2.023,2.08,24.58,79.22,0
4.8,0.63,30.4,34,31,5.94,25.24,2.233,0.228,2.005,1.78,25.64,72.95,0
2.9,0.56,33.1,35,26,2.96,23.17,2.287,0.252,2.035,1.55,25.85,70.83,0
3,0.45,31.2,40,22,3.81,17.81,2.188,0.213,1.975,1.89,24.49,77.84,1
1.8,0.35,33.1,24,10,1.54,8.22,0,0,0,0.96,25.25,76.11,0
5,0.4,41,38,18,1.9,16.16,2.201,0.103,2.098,2.11,25.53,76.27,1
3.7,0.51,34.6,35,21,3.36,17.43,2.197,0.171,2.027,2.16,24.77,77.4,0
4.5,0.44,47.1,28,20,1.61,18.52,2.235,0.201,2.034,1.97,26.14,73.2,0
5,0.44,43.7,35,18,1.76,16.17,2.353,0.176,2.177,1.52,26.17,78.2,0
4.1,0.38,53.8,29,12,0.85,11.24,2.184,0.094,2.09,2.22,26.63,74.09,0
3.8,0.53,45,30,20,1.61,18.72,2.239,0.224,2.015,1.73,27.35,66.75,0
6.7,0.47,43.7,29,25,3.49,21.17,2.155,0.186,1.969,1.82,27.8,67.62,0
1.9,0.34,43.3,24,8,0.98,6.81,0,0,0,1.02,26.31,75.42,0
5,0.64,43.7,29,24,3.06,20.79,2.252,0.242,2.011,0.96,27.13,70.88,0
5.1,0.57,44.3,29,26,3.37,22.28,2.237,0.195,2.042,1.65,27.01,69.31,0
3.4,0.46,49.6,32,16,1.8,13.78,2.129,0.136,1.993,2.27,26.18,72.71,0
3.1,0.43,45.8,38,18,2.62,15.32,2.143,0.16,1.983,1.91,25.93,73.62,1
3.8,0.45,48.8,30,17,1.55,15.24,2.118,0.142,1.976,2.11,26.02,73.8,0
3.4,0.42,44.1,40,16,1.21,14.94,0,0,0,2.32,26.26,73.87,1
7.1,0.35,27,15,21,4.31,16.27,2.008,0.153,1.855,1.85,30.02,76.86,0
3.3,0.23,34.2,16,8,0.94,6.92,2.023,0.057,1.966,2.39,28.66,78.67,0
3,0.34,32.8,19,13,2.24,10.38,1.959,0.098,1.861,2.28,28.73,77.16,0
4.3,0.5,27.8,15,19,4.07,15.36,2.076,0.194,1.882,0.99,29.57,73.88,0
3,0.42,30.7,16,15,1.94,13.06,2.049,0.16,1.889,1.77,29.59,72.16,0
2.3,0.29,28.9,23,12,1.58,9.92,0,0,0,2.29,29.37,77.92,0
4.2,0.31,28.4,20,14,2.19,11.41,2.239,0.143,2.096,1.47,28.42,82.69,0
1.4,0.22,29.2,11,5,1.22,3.75,0,0,0,1.05,28.47,78.8,0
2.9,0.31,31.1,16,13,1.69,11.19,1.962,0.112,1.851,2.23,28.72,77.7,0
3.4,0.31,32.6,16,14,2.14,11.97,2.081,0.131,1.949,1.9,28.6,77.66,0
4.5,0.46,27.6,14,21,4.61,16.46,2.069,0.15,1.919,1.51,29.28,74.43,0
2.4,0.3,31.1,22,14,2.99,11.19,2.014,0.152,1.862,1.78,28.62,77.18,0
1.2,0.17,23.7,3,4,1.04,2.65,0,0,0,1.26,27.19,84.66,0
2.6,0.4,22.7,7,15,2.64,11.87,2.041,0.154,1.887,1.69,28.83,81.91,0
2.2,0.17,28.8,10,5,0.81,4.53,1.911,0.031,1.88,2.54,27.96,84.1,0
3.7,0.25,22.8,12,11,2.5,8.68,2.133,0.111,2.023,1.79,28.25,84.77,0
3.1,0.29,25.1,8,13,2.52,10.44,2.032,0.117,1.915,1.78,27.68,84.84,0
2.4,0.26,21.7,0,12,2.17,9.94,0,0,0,2.36,28.08,86.25,0
2.9,0.35,21.3,9,16,3.32,12.64,1.981,0.136,1.845,2.1,27.92,84.66,0
2.6,0.29,21.2,12,17,5.12,12.2,2.009,0.18,1.829,1.64,27.35,84.45,0
3.3,0.36,22.6,9,17,4.04,12.65,1.985,0.135,1.851,1.98,28.18,84.48,0
3.9,0.5,18.5,6,24,7.73,15.93,2.06,0.165,1.896,1.29,28.14,83.21,0
3.9,0.45,20.3,8,19,4.85,14.04,2.052,0.182,1.87,1.03,27.95,83.14,0
7.6,0.37,19.6,8,23,7.25,15.34,1.973,0.143,1.83,1.98,28.93,88.22,0
2.7,0.34,22.8,10,13,2.13,11.22,1.984,0.137,1.848,1.78,29.78,74.37,0
2.9,0.18,23.5,12,8,1.21,6.5,1.964,0.064,1.901,2.31,28.92,80.03,0
5.2,0.26,19.8,15,14,2.72,11.16,2.168,0.144,2.024,1.59,29.03,80.68,0
3.2,0.23,25.2,11,12,2.04,9.82,2.008,0.116,1.892,1.71,28.72,80.02,0
2.4,0.22,20.9,4,11,1.87,8.64,0,0,0,2.43,29.3,81.38,0
6,0.27,19,9,18,4.85,13.39,1.919,0.13,1.789,2.02,30.08,80.73,0
2,0.29,21.2,11,14,2.7,10.95,1.903,0.117,1.786,1.97,29.06,79.47,0
2.2,0.24,23.2,14,14,3.59,10,1.922,0.139,1.783,1.73,28.56,79.29,0
2.9,0.32,22.4,11,14,3.64,10.8,1.893,0.119,1.774,2.1,29.32,79.31,0
4.1,0.35,19.5,8,19,5.38,13.98,1.959,0.127,1.833,1.5,29.58,76.51,0
4.1,0.44,19.3,8,18,4.61,13.73,1.99,0.179,1.811,0.99,29.12,77.67,0
1.2,0.15,22.9,5,4,1.15,3.25,0,0,0,1.19,28.35,80.74,0
3.1,0.38,25.2,12,15,2.45,12.08,2.04,0.136,1.903,1.84,29.95,73.85,0
2.9,0.19,32.7,13,7,1.04,5.81,1.986,0.036,1.95,2.57,29.19,78.6,0
3.3,0.23,25.8,14,11,2.02,9.43,2.119,0.095,2.024,1.91,29.41,78.24,0
3.6,0.28,30,13,13,2.11,10.38,2.032,0.115,1.917,2.04,28.82,79.06,0
2.9,0.26,24.5,9,12,2,10,0,0,0,2.67,29.33,79.84,0
7.9,0.33,24.7,11,20,5.56,14.38,1.935,0.137,1.798,2.11,30.16,79.42,0
2.2,0.3,28.2,12,13,2.2,10.91,1.924,0.103,1.82,2.28,29.01,79.59,0
2.8,0.29,27.6,12,16,3.83,12.05,1.99,0.158,1.832,1.93,29.2,76.25,0
3.5,0.3,28.3,12,13,2.84,10.62,1.91,0.105,1.805,2.16,29.31,79.86,0
5.2,0.3,26.1,8,17,2.95,13.85,1.969,0.12,1.849,1.8,29.31,77.39,0
4.9,0.41,25.5,9,18,3.85,13.82,1.981,0.159,1.822,0.98,29.28,77.45,0
1.5,0.2,26.7,7,5,1.02,3.66,0,0,0,1.33,28.33,79.66,0
3.8,0.38,23.9,15,16,3.11,12.66,2.043,0.126,1.917,1.78,30.26,66.68,0
2.9,0.17,30.1,13,6,1.01,5.1,1.961,0.022,1.939,2.26,28.99,74.75,0
3.6,0.24,22.3,19,13,2.64,10.71,2.227,0.085,2.142,1.77,29.34,73.11,0
3.8,0.25,27.5,15,12,2.2,10.24,1.947,0.096,1.852,2,28.98,73.24,0
3,0.25,22.6,12,11,2.15,9.19,0,0,0,2.58,29.5,73.83,0
9.4,0.23,22.9,11,18,4.3,13.59,1.89,0.111,1.779,2.02,29.72,71.93,0
3,0.23,27.4,13,10,1.49,8.41,1.87,0.062,1.808,2.24,29.02,74.82,0
3,0.28,26.7,12,14,4.05,10.26,1.979,0.138,1.841,1.99,29.1,71.24,0
3.5,0.22,27.7,13,10,2.04,8.07,1.836,0.052,1.784,2.3,29.06,75.59,0
5.7,0.23,24.1,8,15,2.6,12.49,1.967,0.084,1.883,1.66,29.34,72.57,0
5.4,0.31,24.3,13,15,3.02,12.06,1.911,0.113,1.798,0.94,29.11,72.23,0
2.1,0.21,28.4,12,7,0.89,5.71,0,0,0,1.3,29.21,71.23,0
4,0.46,35.2,24,17,2.3,14.83,2.114,0.151,1.963,1.74,27.11,63.27,0
4,0.29,43,21,10,0.96,9.23,2.061,0.053,2.008,2.37,26.17,71.39,0
4,0.35,34.8,27,16,2.08,14.16,2.283,0.119,2.165,1.78,26.38,70.81,0
3.8,0.35,40.1,25,15,1.86,13.41,2.027,0.127,1.9,1.95,25.89,69.29,0
3.2,0.35,33.4,24,14,1.64,12.09,0,0,0,2.48,26.21,70.6,0
7.1,0.34,35.9,21,20,2.8,17.43,1.982,0.129,1.853,2.05,26.63,66.87,0
3.5,0.33,42.3,22,13,1.23,11.74,2.003,0.093,1.91,2.4,25.91,70.49,0
3.1,0.36,39.7,28,16,3.4,12.45,2.076,0.155,1.921,2.08,25.72,68.06,0
3.2,0.35,43,23,13,2.02,10.98,1.941,0.088,1.852,2.37,25.87,70.89,0
4.6,0.38,33.5,24,18,1.78,15.97,2.069,0.108,1.962,1.68,26.43,68.04,0
4.5,0.45,36.9,22,19,3.16,16.07,2.046,0.162,1.884,0.99,26.2,68.1,0
2.1,0.3,37.7,20,8,0.93,6.82,0,0,0,1.25,26.12,69.67,0
3.9,0.54,31.6,33,21,2.67,18.78,2.227,0.192,2.035,1.74,24.21,61.94,0
4.7,0.39,42.2,25,17,1.91,15.07,2.249,0.117,2.131,2.44,23.44,70.23,0
5.4,0.44,35.6,35,22,2.66,19.33,2.411,0.179,2.232,1.8,24.17,68.75,0
3.7,0.42,39.5,35,21,2.87,18.23,2.175,0.172,2.003,1.89,22.9,68.07,0
3.4,0.42,33.5,33,18,2.35,15.98,0,0,0,2.47,23.03,71.17,0
6.3,0.45,36,32,27,3.54,23.75,2.074,0.164,1.91,2.01,23.84,65.19,0
3.3,0.46,41.3,31,20,2.16,17.43,2.142,0.149,1.993,2.34,22.81,70.07,0
3,0.43,39,34,21,4.87,16.54,2.16,0.169,1.991,2.07,22.59,67.73,0
3,0.46,41,33,18,2.73,15.5,2.07,0.147,1.923,2.28,22.94,68.79,0
4.4,0.53,33.3,35,24,3.49,20.91,2.219,0.176,2.043,1.65,23.64,66.96,0
4.2,0.64,34.7,36,27,4.59,22.37,2.214,0.235,1.98,1.11,23.48,65.56,1
1.8,0.32,40,24,9,1.4,7.78,0,0,0,1.24,23.01,69.31,0
3.8,0.61,21.4,45,27,3.95,23.16,2.282,0.227,2.055,1.67,19.98,68.65,1
5.3,0.54,29,26,24,2.74,21.39,2.278,0.188,2.091,2.56,20.1,73.56,0
4,0.5,25.7,39,24,3.68,20.31,2.319,0.178,2.141,1.96,19.92,72.18,1
2.9,0.51,28,42,24,4.26,19.93,2.224,0.201,2.024,2.11,18.82,74.38,1
2.5,0.5,24.7,41,21,3.19,17.68,0,0,0,2.61,18.79,77.76,1
4.3,0.59,24.8,39,32,5.31,27.07,2.148,0.204,1.945,1.88,20.02,70.41,1
2.9,0.53,29.2,39,22,2.69,19.41,2.192,0.163,2.029,2.53,18.65,75.4,1
2.2,0.49,28.7,41,21,4.8,16.33,2.159,0.152,2.008,2.31,18.17,74.41,1
2.4,0.56,28.5,41,23,3.42,19.44,2.14,0.179,1.961,2.55,18.88,74.1,1
3.1,0.67,24.2,41,29,5.16,23.41,2.264,0.21,2.053,1.78,19.67,72.5,1
3.5,0.77,23.1,44,33,6.99,25.55,2.321,0.288,2.033,1.19,19.51,71.25,1
1.6,0.41,27.2,30,10,1.39,8.96,0,0,0,1.07,19.3,76.59,0
4.2,0.65,18.6,39,33,5.92,27.12,2.369,0.301,2.068,1.54,20.39,70.45,1
5.2,0.51,29.3,30,27,3.54,23.27,2.26,0.137,2.123,2.3,20.44,75.16,0
4,0.54,23.9,40,30,4.86,24.88,2.367,0.233,2.134,1.78,20.33,73.66,1
3.3,0.52,24.8,36,29,6.09,22.65,2.267,0.234,2.033,1.92,19.24,76.08,1
3,0.51,22.4,39,24,4.23,19.74,0,0,0,2.39,19.66,76.38,1
6,0.62,21.5,40,40,8.67,31.55,2.211,0.259,1.952,1.8,20.44,72.67,1
2.9,0.54,26.2,39,25,3.19,22,2.195,0.178,2.017,2.34,18.83,77.17,1
2.6,0.5,25.1,43,25,5.99,18.95,2.209,0.19,2.019,2.14,18.55,75.96,1
2.6,0.56,26.7,41,24,3.77,20.58,2.158,0.183,1.975,2.4,19.3,75.53,1
3.9,0.66,22.4,42,31,5.74,25.69,2.231,0.227,2.005,1.68,20.11,73.01,1
4.1,0.81,20.6,43,36,7.88,28.12,2.349,0.323,2.026,1.07,19.91,72.94,1
1.6,0.41,25.8,28,12,1.5,10.59,0,0,0,0.99,19.58,78.13,0
3.9,0.63,25.6,45,30,4.61,25.17,2.229,0.221,2.008,1.7,21.19,69.46,1
4.7,0.5,25,38,27,3.64,23.25,2.353,0.209,2.144,1.93,20.99,71.66,1
6.9,0.58,29.9,33,26,2.98,23.24,2.239,0.141,2.098,2.36,21.34,71.82,0
2.8,0.54,28.5,40,24,3,21.07,2.154,0.182,1.972,2.59,20.19,72.55,1
4.2,0.49,27.7,37,27,4.86,22.16,2.274,0.239,2.035,2.13,20.2,73.4,1
4.8,0.6,22.3,40,30,3.99,26.21,2.355,0.27,2.085,1.63,21.26,67.73,1
3,0.46,27.1,43,22,3.75,18.7,2.187,0.166,2.021,2.31,19.53,73.41,1
4.1,0.79,23.7,40,34,6.56,27.61,2.321,0.313,2.009,1.04,20.89,70.12,1
5.4,0.58,25,40,35,4.96,30.26,2.193,0.238,1.955,1.83,21.65,68.29,1
3.4,0.51,29.6,41,24,2.23,21.67,2.184,0.171,2.013,2.48,19.71,73.63,1
3.3,0.47,25.6,44,23,3.34,19.54,0,0,0,2.46,19.94,76.18,1
1.8,0.38,28.7,34,12,1.15,10.68,0,0,0,0.97,20.42,76.36,0
5.2,0.5,27.9,36,26,4.02,21.89,2.393,0.229,2.165,1.47,25.3,76.16,1
6.5,0.46,37.3,32,21,1.98,19.3,2.249,0.148,2.101,2.12,25.32,76.68,0
4.7,0.63,26.4,43,30,3.35,26.25,2.386,0.29,2.095,1.53,25.14,74.08,1
6.4,0.57,27.8,40,34,4.41,30.03,2.228,0.265,1.962,1.72,26.11,73.11,1
1.8,0.36,31.8,31,11,1.25,9.41,0,0,0,0.99,24.9,79.16,0
3,0.45,28.3,38,21,2.81,17.84,0,0,0,2.2,24.43,79.6,1
4.4,0.8,27.2,39,33,5.91,27.38,2.339,0.327,2.013,0.93,25.18,74.28,1
4.2,0.64,28.4,44,29,4.06,25.27,2.278,0.24,2.037,1.52,25.46,73.65,1
3.5,0.53,30.6,40,22,2.23,19.36,2.221,0.199,2.021,2.29,24.89,76.62,1
2.8,0.45,29.2,40,20,2.84,16.95,2.175,0.176,1.999,1.98,24.07,79.24,1
3.2,0.49,32.4,40,23,1.9,21.16,2.193,0.174,2.02,2.21,24.04,80.53,1
4.1,0.49,29.7,39,26,4.5,21.6,2.306,0.251,2.055,1.74,24.55,78.44,1
3,0.39,36.5,25,17,2.23,15.02,2.078,0.151,1.926,1.83,26.93,77.07,0
4.6,0.62,35,26,24,3.82,20.25,2.178,0.231,1.946,0.99,27.86,72.09,0
6.7,0.42,35.8,29,24,2.92,20.71,2.128,0.2,1.929,1.85,28.63,71.31,0
3.5,0.43,40.5,28,16,1.62,14.48,2.11,0.143,1.966,2.24,27.53,74.28,0
3,0.38,35.7,31,16,2.16,13.99,0,0,0,2.22,27.14,77.14,0
5.2,0.38,33.6,29,19,3.17,15.73,2.369,0.188,2.181,1.64,27.68,75.02,0
4.2,0.47,37.8,32,20,2.37,17.61,2.147,0.159,1.988,1.55,27.85,72.56,0
3.6,0.41,40.6,27,20,1.76,17.75,2.164,0.157,2.008,2.18,26.96,77.42,0
5.6,0.35,43,27,13,0.91,11.73,2.196,0.093,2.104,2.2,27.85,75.13,0
1.9,0.3,37.1,25,8,1.46,6.83,0,0,0,0.88,27.38,77.51,0
4.1,0.39,39.1,28,19,2.88,15.63,2.192,0.204,1.988,1.71,27.26,75.83,0
4.4,0.52,36.1,26,20,1.81,17.96,2.236,0.208,2.028,1.67,27.49,72.86,0
4.5,0.31,34.6,20,13,1.71,10.81,1.958,0.096,1.862,2.24,29.72,75.18,0
3.8,0.43,31,20,15,1.83,13.34,2.095,0.141,1.954,1.76,30.05,72.71,0
4.5,0.23,35.3,21,8,1.09,6.9,2.021,0.054,1.969,2.39,30,76.06,0
3.3,0.32,31.2,21,15,2.65,12.31,2.052,0.192,1.86,1.71,29.82,76.24,0
3.3,0.29,31,23,13,2.13,11.16,0,0,0,2.32,30.18,75.72,0
4.1,0.26,28.9,23,13,2.97,10.35,2.219,0.131,2.088,1.8,30.17,75.29,0
4.1,0.29,34,20,14,1.46,12.4,2.015,0.096,1.92,2.3,29.44,77.95,0
4.5,0.31,34.1,22,14,2.21,11.35,2.06,0.123,1.937,1.89,29.79,76.14,0
5.9,0.48,29,19,19,3.76,15.1,2.031,0.172,1.859,0.95,30.74,71.51,0
5.8,0.32,29.9,21,17,3.01,13.87,2.006,0.11,1.896,1.67,30.12,73.72,0
8.8,0.32,28.3,21,20,3.71,16.23,1.987,0.14,1.847,2.07,30.92,72.28,0
2.1,0.23,35.4,25,6,0.89,4.73,0,0,0,0.93,29.77,75.73,0
3.1,0.41,20.3,14,14,2.34,12.1,2.053,0.152,1.901,1.81,29.86,75.56,0
8,0.28,18.2,16,19,4.72,13.86,1.938,0.132,1.806,2.07,31.02,74.46,0
1.6,0.19,22.7,18,4,0.92,3.12,0,0,0,1.16,29.18,76.11,0
3.7,0.26,23.4,16,12,2.09,10.37,2.016,0.107,1.91,1.83,29.41,80.07,0
4.9,0.42,18,14,18,4.46,13.47,1.985,0.16,1.826,0.99,30.13,73.05,0
5,0.3,17.5,14,16,3.06,13.34,1.941,0.102,1.839,1.57,30,75.79,0
3.5,0.28,21.8,12,11,2.02,9.26,1.889,0.093,1.796,2.16,29.08,77.4,0
3,0.27,19.6,14,14,3.73,10.58,1.885,0.16,1.726,1.56,29.72,77.16,0
3.2,0.25,21.8,13,13,1.74,10.95,1.977,0.108,1.869,2.13,29.55,79.14,0
1.8,0.25,20.8,17,12,2.64,9.07,0,0,0,2.37,30.85,76.46,0
3.9,0.25,17.7,16,14,2.95,10.56,2.168,0.138,2.03,1.69,29.89,77.55,0
3.9,0.18,24.8,0,7,0.97,6.36,1.953,0.05,1.904,2.36,29.65,78.17,0
2.9,0.22,22.7,16,12,2.4,9.22,0,0,0,2.6,29.22,69.7,0
3.8,0.37,22,12,14,2.85,11.52,2.03,0.146,1.885,1.91,30.55,69.79,0
1.6,0.17,26.8,17,5,1.02,3.59,0,0,0,1.32,28.59,76.51,0
4.1,0.26,22.9,11,13,2.78,10.42,1.914,0.111,1.802,2.37,29.86,68.37,0
3.2,0.26,23.4,13,16,4.23,11.96,1.903,0.145,1.758,1.97,29.68,73.67,0
4.8,0.29,19.8,12,15,3.04,12.32,1.933,0.106,1.827,2.08,30.2,71.23,0
8.1,0.25,20.2,12,16,4.04,11.74,1.956,0.133,1.823,2.31,30.73,72.43,0
5.3,0.27,26.8,15,13,2.42,10.82,2.025,0.122,1.903,2.14,29.88,76.23,0
3.8,0.19,20.1,13,12,2.69,9.35,2.145,0.141,2.004,2.18,29.6,76.23,0
3.7,0.27,23.1,13,16,2.56,13.31,2.007,0.136,1.87,2.43,30.12,68.55,0
2.9,0.13,23.9,12,6,1.49,4.97,1.996,0.039,1.961,2.94,30.19,71.56,0
5.1,0.37,20.7,12,17,3.91,13.16,1.988,0.162,1.827,1.23,30.52,68.5,0
3.7,0.23,16.1,7,12,3.13,8.49,1.894,0.097,1.797,2.27,29.71,76.33,0
8.4,0.21,11.7,10,18,5.66,12.33,1.994,0.185,1.81,2.12,29.8,78.43,0
2.8,0.24,14.4,9,15,5.18,9.53,1.89,0.14,1.75,2.06,29.57,73.43,0
3.3,0.22,19,7,11,2.82,8.47,1.948,0.089,1.859,2.15,29.45,75.36,0
2.9,0.23,15,9,14,3.05,10.84,1.946,0.115,1.831,2.33,29.75,75.85,0
4.4,0.34,13.4,8,17,5.25,11.36,1.962,0.157,1.805,1.15,30.07,77.57,0
1.3,0.15,18.9,13,5,1.2,3.87,0,0,0,1.36,28.49,76.65,0
2.7,0.18,15,11,11,3.06,7.75,0,0,0,2.83,28.69,72.32,0
3.7,0.2,14.2,8,12,3.49,8.84,2.131,0.152,1.98,2.06,29.04,80.05,0
3.5,0.34,14.1,9,14,3.86,10.57,2.021,0.154,1.866,1.96,30.15,73.54,0
4.1,0.26,12.1,7,15,3.83,11.19,1.922,0.109,1.813,1.69,29.48,74.62,0
2.3,0.1,16.7,9,6,1.8,4.68,1.909,0.035,1.876,2.37,29.65,76.84,0
3.8,0.2,40.1,18,10,1.44,8.05,1.995,0.056,1.939,2.21,28.41,74.17,0
4.3,0.3,31.2,18,15,2.01,12.75,2.216,0.144,2.072,1.77,27.83,76.94,0
5.3,0.38,32.8,23,18,2.36,15.37,2.046,0.131,1.915,1.54,28.06,71.45,0
4.5,0.34,39.8,21,13,1.65,11.38,2.024,0.113,1.911,2.12,28.04,72.97,0
5.6,0.51,34.3,20,20,3.22,17.07,2.122,0.2,1.922,1.02,28.68,73.61,0
3.6,0.34,36.2,25,15,2.73,12.26,2.025,0.142,1.883,1.96,28.06,70.85,0
8.7,0.34,32.7,18,21,3.4,17.81,2.09,0.175,1.914,1.95,28.26,75.19,0
1.8,0.27,34.8,23,8,1.18,6.35,0,0,0,1.16,27.63,67.89,0
3.9,0.36,39.7,23,16,1.82,14.25,2.057,0.112,1.945,2.19,27.93,74.42,0
3.5,0.33,29.4,24,14,2.11,11.53,0,0,0,2.29,27.18,69.25,0
4.4,0.34,39.1,21,15,1.82,13.06,2.061,0.117,1.944,1.81,27.85,73.26,0
4.5,0.46,30.4,22,18,2.73,15.23,2.143,0.176,1.967,1.66,28.7,70.67,0
1.7,0.31,35.3,24,9,1.5,7.64,0,0,0,1.23,24.82,72.08,0
4.5,0.53,30.2,26,21,3.24,17.61,2.165,0.191,1.974,1.64,25.96,68.23,0
3.7,0.28,37.7,21,12,1.83,10.49,2.064,0.08,1.984,2.3,25.71,72.33,0
4.6,0.36,31.4,23,18,2.96,15.19,2.254,0.163,2.09,1.9,24.86,74.65,0
4.2,0.4,36.3,23,19,2.99,15.76,2.087,0.143,1.945,1.9,25.08,70.11,0
2.9,0.37,31.5,29,15,2.34,13.05,0,0,0,2.36,24.06,68.61,0
3.5,0.39,40.1,28,16,1.29,15.03,2.099,0.128,1.971,2.11,25.43,70.51,0
3.2,0.4,35.4,29,18,3.45,14.26,2.056,0.158,1.898,2.02,25.3,68.05,0
4.1,0.4,39.7,24,15,1.85,13.63,2.023,0.126,1.897,2.13,25.34,70.16,0
4.9,0.44,34.4,26,20,2.71,17.36,2.077,0.137,1.939,1.62,25.39,68.72,0
5.3,0.56,34.3,24,23,3.98,19.34,2.151,0.211,1.94,1.14,25.86,71.05,0
7.9,0.39,31.1,23,24,3.95,20.03,2.062,0.154,1.909,1.92,25.5,72.65,0
5,0.73,35.3,38,29,4.16,24.49,2.294,0.276,2.018,1.24,23.98,69.72,1
3.7,0.49,31.9,46,21,2.89,18.2,0,0,0,2.48,21.52,67.98,1
4.5,0.51,36,40,25,3.52,21.49,2.164,0.201,1.963,2.12,22.48,69.95,1
5,0.6,34.8,43,26,3.14,22.86,2.228,0.193,2.035,1.76,23.07,67.59,1
4.2,0.52,41.1,40,20,2.01,18.01,2.228,0.176,2.052,2.42,22.91,70.4,1
5,0.48,32.8,33,23,2.98,20.01,2.32,0.2,2.12,2.02,22.63,72.55,0
4.2,0.53,40.7,37,20,2.1,18.15,2.135,0.169,1.966,2.4,22.81,69.3,1
7,0.54,33.8,41,31,4.33,26.9,2.184,0.212,1.972,2,23.27,70.68,1
4.8,0.41,39.1,29,18,2.17,16.13,2.157,0.12,2.037,2.5,23.69,70.93,0
3.6,0.49,36.2,43,23,3.51,19.07,2.127,0.2,1.927,2.19,22.54,67.89,1
2.2,0.42,41,36,12,1.53,10.93,0,0,0,1.3,22.8,70.5,1
4.7,0.64,29.7,37,26,3.48,22.29,2.286,0.241,2.045,1.65,23.48,67.47,1
3.6,0.48,26.8,46,23,3.56,19.32,0,0,0,2.42,18.85,67.9,1
4.1,0.52,27.9,43,29,4.88,24.29,2.234,0.222,2.012,2.19,19.85,68.67,1
4.8,0.51,27.7,35,26,3.6,22.49,2.293,0.209,2.085,2.03,20.33,70.16,0
6.2,0.43,34.1,0,24,3.01,20.62,2.215,0.161,2.054,2.43,21.43,69.79,0
4.4,0.64,23.8,40,29,4.31,24.38,2.308,0.268,2.04,1.58,20.94,66.14,1
1.9,0.41,33.9,35,12,2.06,10.14,0,0,0,1.18,20.23,70.32,0
6.3,0.6,27.2,44,35,6.04,28.46,2.217,0.237,1.98,1.95,21.16,68.54,1
4.6,0.8,26.6,42,33,6.07,26.96,2.339,0.32,2.019,1.22,20.93,68.28,1
4.6,0.65,26.6,42,30,4.24,25.29,2.268,0.221,2.047,1.82,20.61,65.66,1
3.8,0.56,31.4,40,23,2.84,20.47,2.167,0.193,1.974,2.47,20.22,68.24,1
3.2,0.48,28.3,47,23,4.01,19.28,2.096,0.169,1.927,2.24,19.75,67.28,1
3.8,0.53,31.6,43,24,2.59,21.31,2.235,0.18,2.055,2.37,21.52,69.51,1
3.8,0.58,32.3,42,24,2.87,20.81,2.175,0.186,1.989,2.42,20.83,71.84,1
6.2,0.63,26,48,38,6.86,31.09,2.247,0.262,1.986,1.81,21.56,71.4,1
6.5,0.47,34.7,23,26,3.17,22.83,2.258,0.149,2.11,2.24,21.93,73.7,0
4.7,0.71,27.5,45,31,4.55,26.67,2.303,0.235,2.068,1.79,21.2,69.11,1
1.9,0.45,31.8,38,13,2.08,11.15,0,0,0,1.07,20.7,73.55,1
3.6,0.52,26.8,48,24,4.02,20.16,0,0,0,2.28,19.58,72.15,1
4.7,0.86,27.1,45,35,6.31,28.66,2.349,0.341,2.009,1.17,21.42,71.35,1
3.1,0.51,28.1,44,25,4.3,20.43,2.156,0.167,1.989,2.11,20.36,71.12,1
4.3,0.53,27.9,41,29,5.72,23.41,2.318,0.239,2.079,2.04,20.47,72.4,1
5.5,0.68,23.6,43,32,5,26.79,2.34,0.287,2.053,1.47,21.57,69.84,1
3.7,0.56,31.3,45,25,2.67,21.84,2.271,0.183,2.088,2.24,21.49,73.5,1
5.3,0.55,28.1,38,28,3.98,24.19,2.301,0.217,2.084,1.94,20.94,73.52,1
4.8,0.73,27.4,39,35,5.61,29.3,2.347,0.266,2.081,1.72,22.54,70.03,1
5.7,0.57,27.2,42,30,4.62,25.21,2.392,0.265,2.127,1.86,22.08,75.25,1
7.3,0.49,32.9,33,28,3.84,24.03,2.309,0.178,2.131,2.18,23.1,74.69,0
3.8,0.6,32.1,46,25,3.02,22.32,2.224,0.227,1.998,2.27,22.26,72.81,1
5.1,0.52,26.5,42,29,7.22,21.93,2.34,0.279,2.061,1.99,21.81,73.77,1
4.9,0.68,23.8,42,33,5.94,27.26,2.365,0.328,2.037,1.45,22.73,71.6,1
3.3,0.51,25.4,39,28,4.58,22.95,2.192,0.19,2.002,2.03,21.66,72.42,1
4.6,0.91,26.6,43,39,7.74,31,2.416,0.395,2.02,1.16,22.45,72.42,1
6.1,0.66,24.6,47,42,8.98,33.31,2.321,0.305,2.017,1.77,22.92,72.27,1
4,0.57,30.4,49,26,2.82,22.72,2.336,0.222,2.114,2.16,21.11,74.47,1
3.7,0.52,25.3,40,27,4.21,22.38,0,0,0,2.18,20.8,73.9,1
1.9,0.45,28.8,39,14,2.46,11.74,0,0,0,1,21.66,76.03,1
6.1,0.51,36.5,36,25,3.7,21.43,2.393,0.249,2.144,1.72,24.98,76.33,1
6.2,0.39,40.6,38,21,2.77,18.47,2.207,0.126,2.081,2.17,25.76,75.79,1
5.5,0.62,32.3,38,27,3.94,23.27,2.275,0.275,2,1.56,25.68,72.23,1
7.5,0.56,28.6,36,36,6.21,30.18,2.254,0.263,1.991,1.76,25.79,73.42,1
2,0.38,34.2,35,11,1.93,9.12,0,0,0,1.04,24.87,75.32,0
3.7,0.47,32,31,23,3.45,19.11,0,0,0,2.08,24.06,74.08,0
5.4,0.83,30.9,36,36,6.19,29.63,2.378,0.348,2.03,1.18,27.08,72.65,1
5.1,0.65,32.5,32,30,4.44,25.49,2.296,0.242,2.054,1.6,25.53,70.61,0
3.8,0.55,36.4,40,23,2.77,20.15,2.193,0.206,1.987,2.15,25.28,73.23,1
3.4,0.45,30.2,36,26,4.34,21.64,2.164,0.185,1.978,1.88,24.86,73.31,1
4.3,0.52,37.1,45,23,2.55,20.59,2.305,0.208,2.097,2.06,24.55,74.94,1
5.3,0.51,32.4,38,28,4.65,23.35,2.259,0.236,2.023,1.86,24.93,74.16,1
3.8,0.4,31.8,24,20,3.51,16.47,2.079,0.164,1.915,1.85,28.2,76.13,0
6.6,0.63,29.2,24,27,4.54,22.25,2.229,0.268,1.961,1.26,29.3,77.85,0
9.8,0.48,25.7,26,30,6.11,23.57,2.135,0.211,1.924,1.92,28.58,79.02,0
4.7,0.44,34.1,29,17,2.28,15.09,2.067,0.156,1.911,2.06,28.25,77.93,0
3.3,0.38,30.5,21,16,2.51,13.66,0,0,0,2.2,28,78.13,0
4.6,0.37,30.1,24,17,2.67,14.5,2.264,0.179,2.085,1.83,27.89,80.46,0
6.5,0.5,30.4,24,23,3.86,19.42,2.132,0.18,1.953,1.78,28.22,76.44,0
4.3,0.42,34.9,34,18,2.67,15.32,2.142,0.153,1.989,2.11,27.64,79.1,0
4.6,0.25,36.1,29,12,1.61,10.1,2.064,0.039,2.027,2.25,28.37,82.57,0
1.8,0.29,30.6,18,8,1.93,5.68,0,0,0,1.17,27.63,78.08,0
4.3,0.41,32.1,29,19,2.78,16.08,2.123,0.167,1.955,1.84,27.96,78.45,0
4.7,0.54,31.5,28,21,3.2,17.56,2.187,0.225,1.962,1.68,28.57,77.15,0
4.3,0.37,33.4,19,16,3.02,13.29,2.008,0.14,1.868,2.4,28.55,78.5,0
3.7,0.47,30.1,16,17,2.83,13.98,2.095,0.182,1.913,1.65,28.74,79.04,0
3,0.21,33.9,18,9,1.84,7.19,2.038,0.048,1.993,2.48,28.01,82.3,0
3.3,0.34,32.8,17,18,3.7,14.36,1.951,0.144,1.807,1.82,28.45,77.16,0
2.8,0.31,32.1,14,13,2.4,10.52,0,0,0,2.49,28.59,76.05,0
4.3,0.3,31.9,16,13,2.34,11.06,2.224,0.163,2.061,1.69,27.97,82.49,0
3.7,0.38,33,20,16,2.67,13.15,2.036,0.127,1.909,2.21,28.32,78.93,0
4,0.34,32.1,19,15,2.7,12.73,2.008,0.123,1.885,2.31,28.3,78.87,0
5.2,0.51,28.8,16,21,4.56,16.92,2.116,0.198,1.918,1.32,29.11,79.54,0
4.8,0.4,28,16,20,3.94,15.68,2.042,0.136,1.906,1.85,28.31,78.2,0
7.9,0.4,26.1,16,23,5.42,17.23,2.056,0.174,1.882,2.12,28.49,82.07,0
1.3,0.24,33.6,13,5,1.56,3.77,0,0,0,1.39,27.59,79.03,0
3.5,0.42,28.9,15,15,2.49,12.55,2.078,0.172,1.905,1.85,29.54,77.27,0
9.2,0.36,25.7,11,20,4.32,16.02,2.014,0.159,1.855,2.15,29.47,78.86,0
1.4,0.21,29.6,10,5,1.77,3.01,0,0,0,1.29,28.42,77.8,0
3.8,0.3,29.6,16,14,2.23,11.92,1.968,0.116,1.853,2,28.99,77.85,0
5.5,0.47,26.5,13,19,3.55,15.83,2.087,0.198,1.889,1.08,29.93,77.99,0
5.2,0.37,26.6,15,18,3.3,14.37,1.944,0.127,1.817,1.86,29.16,76.51,0
4.3,0.33,31.4,17,15,2.55,12.63,1.949,0.135,1.813,2.16,29.62,76.4,0
3.7,0.31,27.8,17,18,3.56,14.28,1.966,0.175,1.79,1.9,29.33,75.47,0
3.7,0.35,30.6,16,15,2.18,12.87,2.008,0.125,1.884,2.3,29.25,77.42,0
3.2,0.29,29.1,10,13,2.44,10.49,0,0,0,2.49,29.28,75.03,0
4.7,0.26,29,17,13,3.05,10.18,2.174,0.143,2.031,1.3,28.88,80.43,0
2.8,0.15,33.2,17,7,1.3,5.94,1.989,0.026,1.97,2.53,28.61,78.37,0
2.9,0.22,21.3,8,12,2.75,8.79,0,0,0,2.56,30.34,69.51,0
3.8,0.36,20,11,15,3.03,11.54,2.007,0.157,1.85,1.79,30.52,72.51,0
1.7,0.17,25.7,9,5,1.83,3.34,0,0,0,1.5,29.22,73.65,0
4.3,0.23,22.3,13,13,2.39,10.13,1.864,0.093,1.771,2.33,30.52,73.26,0
3.3,0.25,20.7,15,15,3.68,11.56,1.858,0.133,1.725,2.07,30.3,71.61,0
5.2,0.27,17.9,12,16,3.93,12.11,1.81,0.098,1.712,1.8,30.26,72.92,0
7.8,0.23,18.9,7,18,5.3,13.02,1.948,0.139,1.808,2.35,30.31,76.29,0
3.9,0.23,21.6,12,13,2.52,10.18,1.883,0.099,1.783,2.21,29.96,73.91,0
7.1,0.23,19.3,14,14,4.36,9.94,2.166,0.191,1.975,1.46,29.89,76.6,0
3.5,0.24,21.1,12,12,2.23,10.06,1.931,0.102,1.829,2.29,30.26,73.46,0
2.8,0.11,22.2,13,8,1.62,5.93,1.911,0.026,1.891,2.66,29.39,76.42,0
5.4,0.36,17.7,9,17,3.86,13.16,1.991,0.158,1.834,1.16,30.45,74.8,0
4.6,0.27,16.9,9,15,4.63,10.19,1.898,0.124,1.774,2.21,29.95,75.53,0
8.9,0.25,13.8,6,18,6.15,11.85,1.936,0.149,1.787,2.24,29.91,78.33,0
3.1,0.28,14.4,11,16,5.15,11.18,1.863,0.143,1.721,1.99,30.09,72.33,0
3.9,0.25,17.2,9,14,3.56,10.34,1.908,0.103,1.804,2.17,29.74,74.55,0
3.9,0.29,16.8,9,14,3.81,9.8,1.942,0.115,1.827,2.36,29.89,74.43,0
5.4,0.4,14,6,18,5.31,12.55,1.995,0.179,1.816,1.12,30.18,76.65,0
1.4,0.17,21.1,8,6,2.29,3.39,0,0,0,1.38,28.68,76,0
2.8,0.22,17.7,6,11,3.12,8.24,0,0,0,2.79,29.83,73.08,0
6.5,0.23,15.6,8,12,3.96,8.46,2.122,0.155,1.967,1.46,29.74,76.73,0
3.5,0.39,15.6,8,15,4.06,11.12,2.016,0.169,1.847,1.86,30.25,73.24,0
5.1,0.29,13.8,8,17,5.13,11.82,1.814,0.104,1.711,1.85,29.73,75.21,0
2.3,0.08,19.3,8,6,1.58,4.73,1.911,0.018,1.899,2.52,29.47,77.63,0
3.3,0.18,31.8,17,8,1.35,7.07,2.023,0.023,2.002,2.36,28.48,75.75,0
7.2,0.32,24.5,16,15,3.32,12.04,2.288,0.211,2.077,1.34,28.83,74.75,0
5.3,0.36,25.1,14,18,3.22,14.37,1.902,0.112,1.79,1.71,28.95,72,0
4.4,0.33,29.5,19,14,2.73,10.98,1.974,0.129,1.845,2.12,29.04,72.51,0
5.7,0.48,24.3,14,20,3.53,15.99,2.074,0.201,1.872,1.07,29.45,72.93,0
3.7,0.37,25.5,19,16,3.49,12.83,1.955,0.158,1.797,1.9,29.17,69.75,0
9.3,0.34,23.2,15,22,4.42,17.73,2.015,0.152,1.863,2.06,29.01,75.36,0
1.8,0.27,30.2,17,7,1.76,5.24,0,0,0,1.28,28.29,72.3,0
3.9,0.34,29.8,20,14,1.92,12.37,2.055,0.132,1.924,2.24,28.91,72.5,0
3.4,0.33,24.8,14,14,2.87,11.15,0,0,0,2.44,28.81,70.85,0
4.6,0.35,28.3,19,17,2.85,13.8,2.027,0.131,1.895,1.99,28.76,72.34,0
4.4,0.48,24.8,17,18,3.37,14.96,2.117,0.197,1.92,1.75,29.51,69.98,0
1.8,0.33,31.2,22,8,1.35,6.99,0,0,0,1.23,26.48,72.5,0
4.6,0.58,24.2,25,22,4.11,17.76,2.2,0.228,1.973,1.7,27.57,71.25,0
4.4,0.26,31.7,24,12,1.94,9.69,2.166,0.055,2.111,2.19,26.89,76.7,0
7.8,0.4,25,24,19,4.82,14.57,2.365,0.238,2.127,1.33,27.09,74.29,0
4.3,0.44,28.4,26,20,3.65,16.74,2.123,0.161,1.962,1.93,26.86,72.77,0
3.5,0.41,25.4,21,16,3.35,13.05,0,0,0,2.33,26.72,72.77,0
4.2,0.46,29.2,28,19,2.89,15.72,2.139,0.161,1.979,2.12,26.88,74,0
3.9,0.45,27.5,25,19,4.23,14.56,2.025,0.18,1.845,1.87,27.14,70.75,0
4,0.44,26.2,27,18,3.43,14.23,2.105,0.205,1.9,1.98,27.12,73.36,0
5.9,0.46,24.8,21,22,4.15,17.87,1.991,0.159,1.832,1.64,26.97,73.3,0
6.1,0.58,24.7,23,25,4.8,20.29,2.161,0.242,1.919,1.09,27.39,74.24,0
9.1,0.45,20.1,0,26,5.87,20.55,2.086,0.182,1.905,1.9,27.23,75.95,0
4.9,0.9,25.2,38,40,9.04,31.24,2.48,0.41,2.07,1.13,21.75,73.03,1
3.4,0.52,26,34,24,4.22,20.12,0,0,0,2.2,20.57,73.67,0
4,0.58,27.3,39,31,6.48,24.82,2.32,0.27,2.05,1.96,20.82,73.4,1
4.6,0.73,25.8,32,34,6.73,27.59,2.23,0.28,1.95,1.57,21.33,72.14,0
3.8,0.6,30.3,43,27,4.2,22.95,2.31,0.24,2.07,2.07,20.73,74.05,1
9.7,0.55,25.5,43,30,6.52,23.72,2.63,0.42,2.21,1.35,21.19,75.83,1
3.8,0.62,31.3,41,26,4.31,21.95,2.22,0.25,1.98,2.07,21.15,72.78,1
6.4,0.66,21.1,41,41,9.56,31.23,2.27,0.28,1.99,1.82,21.7,74.81,1
5.8,0.44,32.8,37,23,4.01,19.46,2.39,0.13,2.26,2.23,21.7,77.44,1
3.3,0.54,26.2,36,27,5.45,21.04,2.14,0.21,1.93,2,21.83,66.01,1
1.7,0.42,30.5,32,12,1.57,10.26,0,0,0,1.19,21.21,74.42,0
4.7,0.7,25.3,39,30,5.53,24.64,2.34,0.3,2.04,1.72,21.59,73.45,1
3.2,0.5,25.6,34,22,3.34,18.34,0,0,0,2.64,18.33,70.04,0
3.6,0.53,26.7,39,27,5,21.99,2.224,0.211,2.013,2.5,18.6,69.19,1
5.6,0.55,24.8,43,31,6.74,23.88,2.414,0.33,2.084,1.59,19.2,70.82,1
5.6,0.52,28.7,36,27,4.54,22.63,2.418,0.201,2.217,2.61,19.86,73.62,1
4.7,0.63,23.5,41,29,5.26,24.17,2.262,0.255,2.008,2.09,19.31,69.26,1
1.8,0.45,28.5,37,12,1.83,10.47,0,0,0,1.15,19.14,71.9,1
4.8,0.64,21.2,42,36,7.2,28.5,2.215,0.241,1.974,2.02,19.65,69.69,1
4,0.86,23.6,40,37,8.53,28.76,2.454,0.379,2.075,1.25,19.56,69.21,1
3.5,0.68,23.9,33,32,6.29,25.22,2.252,0.247,2.005,1.81,19.26,67.62,0
3.4,0.58,29.2,43,24,3.56,20.45,2.156,0.196,1.96,2.61,19,68.21,1
2.8,0.48,27.3,37,21,3.59,17.74,2.066,0.151,1.914,2.51,18.91,66.35,1
3.3,0.55,28.5,44,24,3.3,20.85,2.189,0.185,2.004,2.53,18.64,69.3,1
3.3,0.64,23.4,39,27,4.97,22.46,2.225,0.237,1.987,2.54,18.8,76.54,1
4.4,0.74,15.1,40,44,12.15,31.94,2.286,0.309,1.977,1.95,19.26,79.65,1
6.2,0.61,21.5,34,30,4.67,24.93,2.379,0.193,2.186,2.7,19.81,81.18,0
3.6,0.81,18,32,37,9.07,28.06,2.348,0.307,2.042,1.76,18.87,76.78,0
1.3,0.44,22,31,12,1.97,10.14,0,0,0,1.09,18.96,80.15,0
3.1,0.58,19.5,35,26,5.35,20.3,0,0,0,2.45,18.32,78.98,0
3.7,0.99,17.5,45,42,12.93,29.21,2.575,0.482,2.093,1.24,19.2,77.78,1
2.7,0.54,20.1,32,25,5.65,19.74,2.125,0.189,1.937,2.36,18.2,79.98,0
4.3,0.6,17.6,38,34,8.51,25.39,2.307,0.275,2.031,2.48,18.43,78.39,1
5,0.73,18.3,37,34,7.19,26.38,2.344,0.311,2.033,2.03,18.96,79.51,1
3.3,0.61,21.9,41,27,5.13,22.24,2.246,0.221,2.025,2.44,18.39,79.2,1
10.9,0.6,17.8,41,38,11.65,26.63,2.459,0.37,2.09,1.55,18.95,80.12,1
4.4,0.78,24.6,34,36,7.33,28.81,2.332,0.296,2.036,1.67,22.16,69.99,0
9.5,0.61,25,43,35,7.16,27.69,2.534,0.425,2.11,1.53,21.88,73.89,1
6.7,0.55,29.1,41,28,4.03,24.45,2.373,0.176,2.197,2.39,22.58,75.8,1
4,0.62,29.6,38,26,3.76,22.57,2.237,0.243,1.994,2.44,21.81,71.01,1
4.7,0.6,21.6,40,33,7.05,26.19,2.327,0.285,2.042,2.33,21.51,71.88,1
5.7,0.72,24.2,38,35,6.89,28.48,2.362,0.315,2.047,1.94,22.24,71.65,1
3.6,0.56,26.1,34,26,4.78,20.97,2.162,0.203,1.959,2.29,21.32,75.16,0
4.4,0.96,21.4,44,41,9.97,30.87,2.559,0.46,2.099,1.14,22.35,71.49,1
5.1,0.71,19.7,44,44,9.93,33.6,2.249,0.298,1.952,1.86,22.46,72.51,1
4,0.6,28.2,39,27,4.28,22.89,2.251,0.222,2.028,2.35,21.36,76.32,1
3.9,0.58,24,37,27,4.91,21.94,0,0,0,2.29,21.37,73.87,1
1.8,0.46,28.8,35,14,1.76,11.74,0,0,0,1.01,22.32,73.11,0
9.2,0.51,34.1,36,26,4.23,21.53,2.504,0.34,2.164,0,25.68,75.21,1
5.7,0.44,40.7,40,18,1.89,16.58,2.319,0.119,2.2,2.01,25.63,77.39,1
5.3,0.63,35.3,31,26,3.14,23.24,2.32,0.282,2.038,1.66,26.24,71.75,0
6.4,0.58,28.3,36,35,5.6,29.33,2.207,0.257,1.95,1.75,26.21,73.47,1
2.1,0.39,36.8,32,11,1.81,8.79,0,0,0,1.02,26.45,72.45,0
3.7,0.49,31.9,27,20,2.89,16.99,0,0,0,2.01,25.54,72.56,0
5,0.86,29,37,34,5.77,27.86,2.471,0.407,2.064,0.85,26.7,72.48,1
4.9,0.65,34.1,28,29,4.1,25.35,2.239,0.246,1.993,1.44,26.07,71.18,0
4,0.54,39.9,32,20,2.02,17.81,2.149,0.191,1.958,2.13,25.81,71.99,0
3.6,0.48,35.6,27,20,3,17.35,2.155,0.204,1.951,1.92,25.49,75.96,0
4,0.51,38.8,36,20,2.29,17.99,2.195,0.179,2.016,2.05,25.18,77.72,1
4.8,0.52,30.6,35,26,3.75,22.45,2.279,0.251,2.027,1.92,25.54,73.06,0
3.3,0.47,37.7,24,17,2.76,14.45,2.084,0.18,1.904,1.76,27.29,78.16,0
4.9,0.67,27,29,23,3.41,19.64,2.275,0.307,1.968,0.77,28.34,74.52,0
6.7,0.44,35,31,25,3.66,21.7,2.06,0.176,1.884,1.79,27.61,75.45,0
4,0.47,43.2,29,16,1.74,14.26,2.052,0.151,1.901,1.99,27.51,73.61,0
3.3,0.43,35.9,24,16,2.42,13.52,0,0,0,2.06,27.22,74.95,0
6.3,0.43,35.1,30,19,3,15.68,2.343,0.222,2.121,0,27.17,77.27,0
4.8,0.51,39.7,21,22,3.23,18.65,2.05,0.174,1.876,1.37,27.58,73.19,0
3.8,0.47,41.7,31,19,2.28,16.44,2.091,0.149,1.942,1.93,27.03,78.65,0
3.9,0.33,46.7,30,11,1.27,9.39,2.172,0.048,2.125,2.03,27.19,77.69,0
1.9,0.35,38.7,27,8,1.33,6.79,0,0,0,1.12,25.95,74.26,0
4.4,0.46,36.3,31,20,2.61,17.88,2.162,0.176,1.985,1.78,27.18,75.1,0
4.7,0.58,37.6,28,21,2.48,18.17,2.271,0.231,2.04,1.68,27.85,73.98,0
4,0.38,42.6,19,13,1.75,11.22,1.992,0.132,1.86,2.82,28.89,72.2,0
3.9,0.49,37.7,18,16,2.38,13.19,2.163,0.194,1.97,1.93,29.06,72.04,0
3.4,0.27,42.7,21,9,1.3,7.34,2.143,0.053,2.092,2.46,28.61,78.25,0
3.1,0.4,37.2,16,15,2.38,12.62,2.01,0.161,1.849,2.02,28.96,75.46,0
3.1,0.36,36.2,14,13,2.17,11.2,0,0,0,2.54,28.54,73.73,0
6.3,0.35,36,26,17,3.72,12.95,2.155,0.203,1.952,0,28.44,76.25,0
3.6,0.37,41.8,19,14,2.22,12.13,1.995,0.115,1.879,2.38,28.48,76.42,0
3.8,0.37,38.5,19,16,2.38,13.36,2.085,0.129,1.956,2.1,28.54,72.72,0
3.7,0.58,9.4,19,18,3.45,15.04,2.256,0.328,1.928,0.88,29.31,73.73,0
4.6,0.41,37.9,14,18,3.38,14.45,1.965,0.132,1.833,1.66,28.82,72.37,0
7.1,0.38,35.9,22,19,3.13,16.35,1.98,0.153,1.827,2.24,28.77,74.85,0
1.6,0.29,39.1,0,6,1.16,5.25,0,0,0,1.36,26.82,73.1,0
3.4,0.44,21.7,11,16,3.43,12.45,2.1,0.197,1.903,1.8,29.09,76.98,0
8.3,0.32,19.1,0,21,5.81,15.43,1.907,0.161,1.746,2.04,28.78,80.6,0
1.4,0.19,25.2,11,5,1.32,4.04,0,0,0,1.45,28.17,76.85,0
3.4,0.29,23,11,16,3.43,12.23,2.025,0.129,1.897,2.04,28.49,77.41,0
3.4,0.53,3.1,12,21,5.91,15.19,2.18,0.308,1.872,0.97,29.19,77.71,0
4.8,0.38,19.9,9,19,4.87,14.57,1.936,0.151,1.786,1.72,28.74,77.24,0
3.6,0.35,22.9,11,15,3.43,11.88,1.947,0.151,1.797,2.34,28.84,76.82,0
3.1,0.31,20.5,8,17,4.22,12.4,1.949,0.18,1.768,1.85,28.86,79.65,0
3.4,0.33,22,14,15,3.53,11.72,1.961,0.138,1.823,2.47,28.51,81.01,0
2.6,0.26,21.9,7,13,3.09,10.07,0,0,0,2.3,28.62,78.61,0
0,0,0,0,0,0,0,0,0,0,0,0,0,0
3.2,0.2,27.5,13,9,1.57,7.04,2.053,0.066,1.987,2.33,28.67,82.11,0
2.9,0.25,24.1,9,11,2.64,8.54,0,0,0,2.72,29.23,76.66,0
3.6,0.39,23.2,11,14,3.05,10.95,2.034,0.163,1.871,2.01,29.74,73.4,0
1.5,0.19,27.5,11,5,1.44,3.98,0,0,0,1.39,28.97,73.34,0
3.5,0.27,25.5,11,11,1.87,9.08,1.928,0.104,1.824,2.41,29.57,74.27,0
3.6,0.29,22.1,7,14,3.45,10.66,1.912,0.14,1.772,2.06,29.7,77.05,0
4.4,0.3,22.3,9,15,3.48,11.81,1.889,0.095,1.794,1.95,29.35,75.33,0
8.8,0.29,21.4,13,17,4.58,12.89,1.888,0.135,1.754,2.36,29.59,77.41,0
4,0.27,24.3,11,14,2.86,10.79,1.977,0.096,1.88,2.14,29.16,74.68,0
3.3,0.23,22.6,15,10,2.05,8,2.068,0.098,1.971,1.82,28.56,80.4,0
3.3,0.26,24.3,14,11,2.2,9.23,1.917,0.085,1.832,2.53,29.28,77.95,0
2.5,0.16,28.5,14,6,1.31,4.64,1.966,0.051,1.916,2.77,29.38,79.97,0
3.6,0.42,6.9,15,16,3.63,11.97,2.049,0.202,1.847,0.92,29.52,76.03,0
4.4,0.2,17.5,9,10,2.6,7.55,1.871,0.074,1.797,2.28,30.62,72.15,0
8.7,0.2,14.5,9,14,4.61,9.87,1.826,0.092,1.735,2.36,30.73,73.27,0
3.7,0.26,15.6,6,13,4.07,9.38,1.891,0.143,1.748,1.99,31.11,72.17,0
4.2,0.22,17.8,8,13,3.09,9.42,1.93,0.082,1.848,2.11,30.54,70.61,0
3.7,0.2,17.1,10,10,2.21,7.44,1.876,0.068,1.809,2.41,30.64,73.18,0
4.6,0.33,7,10,15,4.34,10.28,1.949,0.138,1.811,0.86,30.68,71.88,0
1.7,0.17,22.1,9,6,1.38,4.94,0,0,0,1.38,30.63,66.28,0
3.1,0.2,17.3,6,11,3.19,7.64,0,0,0,2.75,30.61,70.95,0
2.4,0.19,14.4,11,11,2.88,8.29,0,0,0,1.82,30.02,73.73,0
3.7,0.36,15.3,7,14,3.14,10.72,2.027,0.165,1.861,1.98,31.33,66.39,0
4.9,0.21,15.4,3,14,4.36,9.56,1.825,0.072,1.753,1.94,30.63,72.61,0
2.3,0.12,21.2,9,6,1.44,4.54,1.925,0.017,1.915,2.55,30.63,76.74,0
3.2,0.18,27.2,13,8,1.65,6.54,0,0,0,2.32,28.18,77.68,0
4,0.29,19.3,17,15,3.08,12.17,0,0,0,1.64,27.68,79.13,0
4.8,0.33,19.5,9,20,4.77,15.4,0,0,0,1.66,28.2,77.98,0
4,0.32,24.5,13,14,2.64,10.96,0,0,0,2.11,28.14,77.67,0
4.3,0.46,11,12,20,4.6,15.21,0,0,0,0.83,28.24,76.24,0
3,0.31,21.5,10,15,3.27,11.65,0,0,0,1.78,28.49,79.05,0
8.2,0.29,18.2,15,21,5.5,15.83,0,0,0,2.11,28.3,78.32,0
1.5,0.22,24.1,12,8,1.79,5.94,0,0,0,1.19,28.19,72.31,0
3.1,0.3,24.2,15,13,2.32,10.71,0,0,0,2.15,28.11,79.24,0
2.7,0.28,22.3,10,13,2.81,9.75,0,0,0,2.44,28.01,78.6,0
3.5,0.29,21.4,13,16,2.69,12.92,0,0,0,1.85,28.06,76.85,0
3.7,0.45,19.9,13,17,2.34,14.21,0,0,0,1.81,28.7,73.85,0
2.2,0.32,35,18,10,1.61,8.3,0,0,0,1.36,26.51,64.31,0
5.4,0.51,28.2,23,21,3.52,17.93,0,0,0,1.95,26.42,65.92,0
5.1,0.33,35.8,24,15,2.3,12.35,0,0,0,2.51,26.12,70.53,0
5.3,0.39,29.4,26,19,2.72,16.33,0,0,0,1.89,25.48,73.42,0
4.9,0.41,28,22,21,3.42,18.04,0,0,0,2.04,25.65,69.42,0
3.8,0.38,31.7,20,16,2.56,13.86,0,0,0,2.74,25.46,71.05,0
3.8,0.39,32.5,25,17,2.42,14.88,0,0,0,2.68,25.66,71.62,0
3.3,0.4,31,20,19,3.04,15.78,0,0,0,2.3,26.08,71.8,0
4.6,0.39,33.2,22,18,2.62,15.26,0,0,0,2.44,25.8,70.38,0
5.1,0.45,28.5,17,23,4.33,18.75,0,0,0,2,26.04,70.34,0
4.9,0.57,20.7,22,23,4.32,19.02,0,0,0,0.99,26.01,68.99,0
8.3,0.43,27.9,24,26,5.67,20.51,0,0,0,2.27,26.14,70.2,0
5,0.78,20.7,39,31,5.36,25.89,0,0,0,0.93,23.36,70.66,1
4,0.54,29,42,23,3.59,18.96,0,0,0,2.43,22.6,72.91,1
5.2,0.55,27.4,37,29,4.79,23.74,0,0,0,1.9,22.87,71.68,1
5.5,0.62,26.3,34,30,5.23,24.4,0,0,0,1.85,23.33,72.27,0
4.4,0.54,30.6,37,24,3.17,20.58,0,0,0,2.4,22.83,73.69,1
5.6,0.53,28.3,36,25,3.43,21.34,0,0,0,1.76,22.96,73.07,1
4.6,0.59,31.5,36,25,3.44,21.23,0,0,0,2.27,22.52,74.51,1
7.5,0.59,27.2,38,33,6.88,26.53,0,0,0,2.06,23.59,71.82,1
5.7,0.47,35.6,34,21,2.79,17.92,0,0,0,2.37,23.43,71.79,0
2.3,0.53,28.2,33,25,3.83,20.72,0,0,0,2.13,22.98,74.92,0
2.3,0.44,34.9,29,13,1.73,11.19,0,0,0,1.31,23.86,67.95,0
6.1,0.68,25.3,36,30,4.9,24.73,0,0,0,1.82,23.72,68.47,1
3.7,0.55,31.9,45,23,3.61,19.09,0,0,0,2.3,19.81,70.99,1
4.3,0.58,29.3,43,29,4.51,24.43,0,0,0,1.82,19.97,69.67,1
4.5,0.58,30.2,46,26,3.17,22.79,0,0,0,1.65,20.2,69.92,1
6.3,0.54,35.2,46,23,2.84,20.17,0,0,0,2.43,20.7,70.1,1
5.7,0.73,26.3,43,30,4.1,25.79,0,0,0,1.88,21.03,67.46,1
2.1,0.46,37.5,37,13,1.77,10.76,0,0,0,1.11,20.94,67.7,1
6.2,0.69,27.1,48,37,7.2,29.4,0,0,0,1.96,20.76,69.36,1
4.2,0.89,22.3,49,33,6.53,26.87,0,0,0,0.96,20.56,68.55,1
4.7,0.72,27.6,41,31,5.25,25.44,0,0,0,1.78,20.44,70.11,1
4.5,0.66,32.6,42,25,3.15,21.63,0,0,0,2.26,20.01,71.3,1
3.4,0.55,31.4,42,24,4.03,20.29,0,0,0,2.17,19.95,73.01,1
3.8,0.59,32.6,45,24,3.08,20.9,0,0,0,2.33,19.83,72.36,1
4.3,0.64,30.7,45,28,3.37,24.54,0,0,0,2.21,19.12,67.65,1
6.6,0.7,25.8,49,41,8.49,32.64,0,0,0,1.86,19.77,65.55,1
6.9,0.57,34.1,46,27,3.56,23.5,0,0,0,2.34,19.49,68.04,1
5.1,0.74,26.8,42,34,5.85,28.14,0,0,0,1.66,19.55,66.72,1
2.4,0.47,35.6,40,14,1.68,12.64,0,0,0,1.08,19.58,66.86,1
4.1,0.57,29.6,49,26,4.01,22.11,0,0,0,2.25,18.6,68.84,1
4.7,0.94,21.6,52,38,8.01,30.47,0,0,0,0.93,19.68,65.43,1
4,0.58,28.9,48,29,5.01,24.13,0,0,0,2.12,18.72,70.65,1
5.1,0.6,26.1,46,34,5.49,28.87,0,0,0,1.71,18.99,68.45,1
6.4,0.74,25.1,44,34,5.53,28.61,0,0,0,1.79,19.69,63.64,1
4.5,0.62,31.3,49,28,3.73,24.01,0,0,0,2.21,18.89,69.15,1
5.8,0.59,25.9,47,30,4.77,25.57,0,0,0,1.51,19.04,67.15,1
4,0.6,21.2,51,29,5.06,23.78,0,0,0,2.29,18.68,71.63,1
2,0.48,23.6,42,16,2.59,12.95,0,0,0,0.96,19.46,72.83,1
4.2,0.65,23.8,51,30,4.41,25.44,0,0,0,2.26,19.02,71.74,1
3.9,0.59,21.7,53,31,5.7,25,0,0,0,2.13,18.67,74.42,1
4,0.71,25,47,31,4.77,26.41,0,0,0,2.34,19.37,69,1
7,0.64,18.6,50,36,9.23,27,0,0,0,1.73,19.12,72.46,1
5.1,1.07,9.8,54,46,13.8,32.56,0,0,0,0.91,19.98,67.66,1
7,0.77,19.1,51,49,12.99,35.92,0,0,0,1.79,20,66.47,1
7.3,0.77,18,49,40,8.91,30.98,0,0,0,1.82,19.69,68.12,1
8,0.57,26.9,47,30,5.52,24.26,0,0,0,2.4,19.76,70.95,1
6.7,0.64,20.1,51,34,6.17,27.47,0,0,0,1.5,19.24,72.29,1
5,0.83,20.3,54,40,9.27,30.38,0,0,0,1.66,19.84,69.17,1
4.4,0.54,34.3,44,23,3.27,19.47,0,0,0,2.04,24.43,73.29,1
2.3,0.41,38.3,37,11,1.48,9.68,0,0,0,0.98,24.94,69.87,1
4.5,0.58,40.1,40,22,2.13,19.63,0,0,0,1.99,24.57,74.79,1
4.3,0.53,35.1,45,25,4.04,20.88,0,0,0,1.8,24.43,75.86,1
2.7,0.59,42.1,37,23,3.01,20.22,0,0,0,2,24.82,72.25,1
5.4,0.71,34.8,49,30,4.67,25.65,0,0,0,1.49,25.19,72.55,1
5.2,0.9,25.3,43,35,7.53,27.67,0,0,0,0.82,25.37,70.13,1
7.2,0.62,33.8,41,36,5.36,30.14,0,0,0,1.75,25.25,68.6,1
6.2,0.71,33.3,41,29,3.79,24.83,0,0,0,1.6,25.18,69.69,1
7.2,0.48,42.5,42,19,2.37,16.97,0,0,0,2.14,24.48,72.81,1
7.5,0.55,33.4,39,26,3.27,22.45,0,0,0,1.37,24.42,73.91,1
5.7,0.56,31.1,42,30,5.07,24.83,0,0,0,1.52,24.55,75.48,1
4.5,0.52,52.2,35,19,2.41,16.22,0,0,0,2,26.93,69.4,0
2.6,0.38,48.9,34,9,1.26,8.07,0,0,0,1.13,27.11,68.1,0
6.4,0.57,48.7,43,25,2.71,21.83,0,0,0,1.5,26.91,69.24,1
5.6,0.74,38.9,37,28,4.14,23.48,0,0,0,0.83,27.42,67.68,1
6.8,0.5,44.9,34,21,2.18,18.98,0,0,0,1.35,26.33,72.45,0
4.3,0.47,46.5,44,21,3.03,17.78,0,0,0,1.71,26.72,72.98,1
5.8,0.5,43.4,39,23,2.94,20.54,0,0,0,1.58,26.68,71.93,1
5,0.51,51.8,38,18,1.84,15.91,0,0,0,2.04,26.71,71.83,1
5.8,0.63,48.1,38,22,2.19,19.77,0,0,0,1.57,27.42,65.96,1
7.9,0.51,46.9,40,27,2.82,23.79,0,0,0,1.88,27.3,66.16,1
4.2,0.47,45,38,19,2.02,16.55,0,0,0,2.13,26.61,71.11,1
5.1,0.4,58.5,42,12,0.78,11.1,0,0,0,2.15,26.42,70.67,1
4.6,0.35,33.7,17,15,3.76,11.22,0,0,0,2.12,29.63,76.86,0
3.9,0.33,28,18,16,3.66,12.3,0,0,0,1.77,29.63,78.82,0
4.2,0.32,32.5,18,14,2.4,11.14,0,0,0,2.26,29.61,78.29,0
1.7,0.23,34.1,12,6,1.05,4.76,0,0,0,1.25,29.35,74.26,0
3.6,0.31,29.3,12,14,2.59,11.41,0,0,0,2.31,29.61,77.25,0
4.3,0.33,27.8,21,17,2.83,13.67,0,0,0,1.73,29.28,77.99,0
4.9,0.33,29.1,12,15,2.37,12.56,0,0,0,1.41,28.6,81.69,0
3.9,0.24,36.2,20,9,1.67,6.87,0,0,0,2.45,28.76,77.27,0
4.3,0.48,31.2,19,16,2.03,13.76,0,0,0,1.77,29.93,73.79,0
7.2,0.33,28.2,22,20,3.76,16.64,0,0,0,2.09,29.48,75.05,0
4.9,0.54,21.6,15,21,4.88,16.38,0,0,0,0.82,29.63,75.56,0
5.8,0.37,28.4,22,19,3.43,15.63,0,0,0,1.62,28.96,77.72,0
8.2,0.28,18.1,14,20,4.81,14.98,0,0,0,2.12,29.37,77.2,0
4.4,0.34,17.2,13,18,4.2,13.86,0,0,0,1.64,28.56,80.4,0
4,0.33,22.4,11,18,6.62,11.04,0,0,0,2.01,29.4,77.44,0
4.2,0.49,12.4,10,20,5.74,14.62,0,0,0,0.81,28.93,78.27,0
3.8,0.26,20,12,15,3.36,11.5,0,0,0,1.86,28.77,78.94,0
3,0.25,21.5,4,12,2.67,9.06,0,0,0,2.48,29.05,79.97,0
4.4,0.25,19.5,0,14,3.03,10.57,0,0,0,1.61,28.54,83.16,0
3.7,0.31,21.5,11,14,3.8,10.54,0,0,0,2.13,28.78,80.79,0
3.2,0.17,25,11,7,1.66,5.77,0,0,0,2.46,28.6,78.48,0
1.4,0.18,23.6,8,6,1.51,4.01,0,0,0,1.25,28.63,76.88,0
3.5,0.41,20.8,9,15,2.75,12.18,0,0,0,1.78,29.24,77.36,0
3.7,0.28,19.5,8,16,4.17,11.58,0,0,0,1.8,29.09,81.27,0
4.3,0.26,25.7,14,13,2.62,9.97,0,0,0,2.36,30.48,75.53,0
3.1,0.25,23.5,6,12,2.73,9.72,0,0,0,2.7,30.36,77.39,0
3.8,0.28,23,15,14,3.34,10.24,0,0,0,2.32,30.09,74.5,0
3.3,0.17,28.5,15,7,1.54,5.92,0,0,0,2.66,29.83,75,0
3.8,0.27,21.1,12,15,3.71,11.13,0,0,0,2.06,30.53,77.8,0
7.1,0.24,22.2,15,18,3.85,13.76,0,0,0,2.43,30.84,73.99,0
4.7,0.44,15.8,11,18,3.98,14.3,0,0,0,0.89,30.54,75.01,0
4.1,0.42,22.9,13,15,2.75,12.56,0,0,0,1.86,30.72,73.37,0
3.9,0.25,22.2,10,13,2.38,10.32,0,0,0,1.76,29.95,79.34,0
1.7,0.19,26,11,6,1.52,4.94,0,0,0,1.43,30.1,73.32,0
5.4,0.26,21.1,17,17,3.75,13.04,0,0,0,1.78,30.05,77.74,0
3.7,0.26,20.7,17,15,3.03,11.9,0,0,0,2.08,30.04,75.84,0
4.7,0.36,21.2,13,17,4.02,12.83,0,0,0,2.09,28.99,77.05,0
4.4,0.32,19.2,11,18,4.63,13.34,0,0,0,1.9,29.51,79.57,0
5.7,0.32,23.3,12,16,3.32,12.55,0,0,0,2.01,29.45,77.82,0
6.3,0.32,18.6,13,20,4.52,15.07,0,0,0,1.82,28.87,81.46,0
5.8,0.5,13,10,21,5.1,15.97,0,0,0,0.86,29.53,77.45,0
12.8,0.35,18.2,15,23,5.95,17.18,0,0,0,2.05,29.71,77.12,0
4.8,0.47,19.6,12,18,3.65,14.14,0,0,0,1.61,29.82,75.55,0
3.2,0.18,27.3,12,7,1.33,5.6,0,0,0,2.35,28.87,78.05,0
4,0.23,21.2,10,12,2.53,9.34,0,0,0,1.66,29,81.56,0
4.1,0.3,19,13,16,3.53,12.94,0,0,0,1.99,29.04,77.6,0
3.6,0.28,22.4,5,13,3.58,9.86,0,0,0,2.63,29.38,79.37,0
1.7,0.19,21.3,0,6,1.39,4.71,0,0,0,1.41,28.94,75.66,0
3.4,0.36,21.2,13,17,4.76,12.34,0,0,0,2.21,27.7,78.68,0
3.5,0.39,21.6,17,21,5.86,15.41,0,0,0,1.73,27.73,78.69,0
5,0.42,26.8,20,19,4.31,14.78,0,0,0,1.84,27.89,75.94,0
6.5,0.45,21,21,26,6.32,19.25,0,0,0,1.44,27.54,79.19,0
9.2,0.4,21.3,22,28,7.77,20.39,0,0,0,1.88,28.32,74.3,0
5.9,0.65,18.1,18,28,7.53,20.3,0,0,0,0.83,28.2,74.63,0
5.2,0.54,20.2,21,23,4.44,18.16,0,0,0,1.63,28.24,72.85,0
4.8,0.28,29.5,18,13,2.37,10.65,0,0,0,2.11,27.2,76.8,0
5.1,0.36,20.6,17,19,4.32,14.75,0,0,0,1.53,27.62,77.19,0
5.4,0.38,20.1,21,24,6.28,17.54,0,0,0,1.61,27.48,76.96,0
1.7,0.25,21.2,11,8,2.55,5.75,0,0,0,1.09,27.27,75.26,0
4.3,0.43,24.7,20,20,4.62,14.93,0,0,0,1.72,27.36,75.5,0
5.6,0.44,39.7,30,18,2.44,15.67,0,0,0,1.69,25.74,72.41,0
4.6,0.48,44.6,36,18,2.35,15.76,0,0,0,1.95,25.56,70.88,1
6.7,0.72,37.2,34,28,4.38,23.89,0,0,0,0.89,26.14,70.3,0
4.8,0.5,46.2,36,18,2.28,15.3,0,0,0,2.15,25.78,71.36,1
4.4,0.48,39.8,34,20,3.05,17.36,0,0,0,1.98,25.65,74.03,0
6.1,0.64,34.2,36,24,2.7,21.73,0,0,0,1.71,26.29,68.23,1
5.3,0.38,47.4,31,14,1.66,12.49,0,0,0,2.39,25.28,72.28,0
2.7,0.4,37.4,26,11,1.61,9.4,0,0,0,1.29,25.96,70.68,0
4.4,0.48,37.3,34,18,2.87,15.06,0,0,0,2.43,25.5,74.2,0
8.7,0.49,37.2,31,28,4.52,23.46,0,0,0,2.01,26.31,69.64,0
8,0.53,38.9,37,26,4.18,22.28,0,0,0,1.57,25.67,74.86,1
5.7,0.48,37.1,38,25,3.89,21.21,0,0,0,1.85,25.48,73.4,1
7.2,0.77,29,39,33,5.52,27.31,0,0,0,0.85,22.91,69.7,1
6,0.42,38.6,34,19,2.35,16.33,0,0,0,2.31,22.14,72.3,0
4.8,0.52,29.9,37,22,3.29,18.85,0,0,0,2.4,21.79,73.61,1
6.2,0.54,29.5,45,29,4.98,23.87,0,0,0,1.99,21.98,72.08,1
6.4,0.7,27.5,42,29,3.9,25.21,0,0,0,1.72,22.88,67.71,1
7.9,0.59,28.8,39,31,5.36,26.04,0,0,0,1.69,22.25,70.71,1
9.5,0.56,29,36,33,5.5,27.37,0,0,0,1.98,22.96,68.88,1
2.4,0.41,33.2,38,12,2.11,10.24,0,0,0,1.31,22.62,70.1,1
5.4,0.56,33.3,41,23,3.35,20.01,0,0,0,2.12,22.39,70.71,1
5.1,0.56,34.5,39,24,3.81,20.24,0,0,0,2.06,22.09,70.04,1
4.7,0.52,31,42,26,4.54,21.51,0,0,0,2.03,22.14,73.33,1
6.6,0.52,31.3,40,24,3.55,20.92,0,0,0,1.74,22.51,70.35,1
5.7,0.66,25.5,37,33,6.31,27.1,0,0,0,1.73,19.66,71.63,1
7.1,0.59,24.5,34,38,8.64,29.22,0,0,0,2.04,20.49,67.92,0
5.5,0.81,22.7,36,36,7.76,28.18,0,0,0,0.9,20.61,67.08,1
7,0.64,24.1,34,31,5.73,25.37,0,0,0,1.89,20.11,68.56,0
7.1,0.46,31,32,25,4.92,20.5,0,0,0,2.61,19.94,72.22,0
3.8,0.48,27,36,25,4.94,19.98,0,0,0,2.34,19.19,74.63,1
5.3,0.49,28.1,36,26,4.03,22.06,0,0,0,1.73,19.91,70.17,1
3.9,0.51,25.5,34,23,3.78,18.89,0,0,0,2.58,18.94,74.84,0
2,0.39,29.9,32,12,2.89,9,0,0,0,1.22,19.89,73.05,0
5.9,0.53,25,39,30,6.25,23.6,0,0,0,2.17,19.23,72.02,1
4.1,0.58,28.9,39,25,4.03,20.73,0,0,0,2.4,19.65,71.17,1
3.8,0.55,29.9,36,24,3.92,20.42,0,0,0,2.39,19.35,70.54,1
4.8,0.57,33.2,55,32,6.06,25.67,0,0,0,2.06,0,68.54,1
7.5,0.7,30.8,51,44,9.24,35.2,0,0,0,1.97,0,60.8,1
6.8,1.04,28.2,55,47,9.74,36.97,0,0,0,0.85,0,62.94,1
2.3,0.45,36.7,43,14,3.15,10.65,0,0,0,1.08,0,67.78,1
7.4,0.63,30.3,53,37,7.03,29.53,0,0,0,1.87,0,64.76,1
6.6,0.82,33,56,41,7.9,33.43,0,0,0,1.54,0,65.76,1
8.9,0.56,40.2,51,28,3.78,23.92,0,0,0,2.53,0,66.45,1
5.3,0.68,36.5,56,29,4.24,24.65,0,0,0,2.12,0,64.08,1
5.1,0.59,31.1,49,28,4.52,23.52,0,0,0,2.34,0,69.04,1
5.5,0.69,36.5,56,30,3.5,26.3,0,0,0,2.22,0,63.58,1
6.8,0.58,35,54,30,3.92,26.49,0,0,0,1.57,0,62.81,1
8,0.78,30.4,54,36,5.17,30.63,0,0,0,1.76,0,61.59,1
8,0.63,25.7,66,33,5.5,27.84,0,0,0,1.63,0,69.14,1
5.9,0.84,21.5,62,41,8.44,32.9,0,0,0,1.56,0,70.54,1
7.6,0.76,22.1,62,49,13.13,36.2,0,0,0,2,0,66.03,1
5.3,0.61,23.2,57,29,4.87,24.32,0,0,0,2.52,0,73.87,1
5.5,0.7,25.9,68,32,4.56,27.56,0,0,0,2.46,0,68.53,1
6.5,1.06,19.9,57,47,10.82,35.91,0,0,0,0.83,0,67.47,1
7.3,0.64,21.5,57,37,7.88,29.51,0,0,0,2.05,0,69.28,1
10.4,0.66,22,43,34,6.77,27.52,0,0,0,2.61,0,71.09,1
8.9,0.77,21.2,59,39,8.49,30.87,0,0,0,2,0,67.64,1
2.3,0.49,28,56,16,2.53,13.43,0,0,0,1.09,0,74.22,1
4.9,0.6,24.9,58,32,5.79,26.39,0,0,0,2.3,0,71.67,1
5.5,0.65,26.4,60,30,4.14,25.51,0,0,0,2.51,0,68.66,1
7,0.74,31.2,60,37,6.14,30.38,2.338,0.333,2.006,0,0,71.74,1
9.3,0.69,29.6,62,41,7.51,33.92,2.287,0.331,1.956,0,0,68.15,1
7.1,0.97,27.4,55,40,7.58,32.74,2.58,0.474,2.106,0,0,69.5,1
8.5,0.73,29.7,57,33,4.76,28.34,2.46,0.398,2.062,0,0,72.8,1
5.7,0.61,35.6,60,26,3.4,22.11,2.31,0.244,2.066,0,0,70.75,1
4.9,0.55,32.7,55,26,4.74,21.49,2.151,0.208,1.943,0,0,73.52,1
7.9,0.5,34.4,42,23,2.75,20.16,2.282,0.175,2.107,0,0,73.64,1
6.7,0.57,32,61,26,3.25,23.22,2.272,0.269,2.004,0,0,72.06,1
5.4,0.57,31.2,57,25,3.99,21.22,0,0,0,0,0,73.13,1
7.2,0.6,28.6,55,34,6.16,27.77,2.365,0.319,2.047,0,0,72.65,1
2.5,0.44,32.1,53,14,2.43,11.26,0,0,0,0,0,75.11,1
5.2,0.62,33.4,62,27,3.39,23.29,2.235,0.245,1.99,0,0,71.09,1
6.5,0.45,40.3,38,25,3.37,21.89,2.222,0.233,1.989,0,0,71.6,1
5.8,0.34,45.3,35,15,1.65,13.16,2.128,0.127,2.001,0,0,71.94,0
6.5,0.58,40.9,45,23,2.27,21.06,2.314,0.291,2.023,0,0,67.36,1
4.6,0.42,42.6,47,18,2.08,16.37,0,0,0,0,0,71.62,1
4.5,0.43,44,46,21,3,17.51,2.042,0.162,1.88,0,0,71.31,1
7.1,0.53,42.6,50,27,3.43,24.04,2.118,0.24,1.879,0,0,66.6,1
5.5,0.42,41.7,46,18,1.99,16.48,2.146,0.198,1.948,0,0,70.4,1
2.4,0.34,44.2,41,10,1.63,8.43,0,0,0,0,0,71.74,1
7.8,0.48,41.4,47,28,3.59,23.96,2.11,0.206,1.904,0,0,67.61,1
5,0.48,47.7,51,19,2.44,16.8,2.201,0.198,2.003,0,0,68.46,1
4.9,0.49,44.5,50,20,2.08,17.53,2.117,0.179,1.938,0,0,69.01,1
6.6,0.73,37.7,42,30,4.18,25.6,2.393,0.362,2.031,0,0,68.67,1
4.3,0.38,39.2,38,17,3.04,14.42,2.019,0.186,1.833,1.67,0,76.23,1
4.3,0.4,44.7,39,15,2.67,12.11,2.101,0.15,1.951,1.81,0,75.29,1
4.2,0.55,37.3,36,18,1.85,15.92,2.264,0.264,2,1.74,0,72.25,1
8.6,0.43,37.4,38,21,3.11,18.24,2.053,0.167,1.886,2.06,0,73.66,1
6.5,0.42,39.3,38,20,2.88,17.49,2.057,0.186,1.871,1.65,0,72.31,1
6.1,0.63,34.5,31,22,3.56,18.83,2.263,0.268,1.995,0.81,0,74.71,0
4.6,0.42,41.4,40,14,1.95,12.44,2.041,0.147,1.894,1.97,0,74.43,1
1.6,0.27,37.6,29,7,1.53,5.43,0,0,0,0.99,0,78.23,0
5.1,0.38,38.2,34,18,2.52,15.6,2.086,0.173,1.913,1.77,0,76.99,0
3.7,0.36,38.2,37,14,1.92,12.17,0,0,0,2.2,0,77.44,1
4.3,0.38,37.3,39,15,2.25,12.93,2.142,0.157,1.985,1.38,0,77.48,1
3.6,0.23,42.6,28,8,1.29,6.67,2.04,0.067,1.973,2.33,0,77.72,0
4.5,0.34,21.4,24,17,5.09,11.9,1.989,0.159,1.83,0,0,80.54,0
4.3,0.47,18.3,20,17,3.23,13.96,2.146,0.238,1.908,0,0,77.4,0
10.2,0.35,18.1,20,21,5.65,15.41,1.982,0.194,1.788,0,0,78.01,0
6.6,0.31,18,22,20,5,15.19,2.012,0.213,1.799,0,0,76.82,0
6.2,0.5,15.8,14,21,5.22,15.8,2.161,0.253,1.907,0,0,78.17,0
2.9,0.15,24.3,14,8,1.65,6.46,1.967,0.07,1.898,0,0,78.52,0
5,0.3,20,21,18,5.17,13.11,1.966,0.217,1.749,0,0,79.93,0
1.1,0.16,22.5,12,6,1.74,4.03,0,0,0,0,0,83.02,0
5.1,0.3,18.9,17,18,4.17,14.15,2.02,0.163,1.857,0,0,80.85,0
3.7,0.25,20.8,18,14,3.33,10.47,0,0,0,0,0,80.77,0
3.6,0.25,19.2,19,12,2.72,9.75,2.043,0.125,1.918,0,0,82.36,0
5.1,0.32,19.4,20,15,3.83,11.35,1.957,0.158,1.799,0,0,78.25,0
5.2,0.33,20.6,25,19,5.98,12.69,1.989,0.167,1.821,0,0,74.03,0
4.2,0.43,18.4,21,17,3.23,13.34,2.12,0.227,1.893,0,0,68.96,0
8.3,0.31,18.2,20,20,5.79,14.25,1.976,0.208,1.768,0,0,71.85,0
7.7,0.31,16.6,21,21,5.75,15.15,2.047,0.236,1.811,0,0,70.7,0
6.5,0.5,15.4,13,22,6.19,15.73,2.142,0.257,1.885,0,0,72.68,0
3,0.14,20.7,13,7,1.45,5.92,1.943,0.043,1.902,0,0,72.92,0
4.7,0.28,21.5,21,18,5.05,12.62,1.898,0.162,1.736,0,0,73.82,0
1.2,0.17,24.6,14,6,1.69,4.3,0,0,0,0,0,75.5,0
5.7,0.28,19.2,18,19,4.46,14.17,2.021,0.154,1.867,0,0,74.14,0
3.7,0.23,21.5,18,13,3.11,10.36,0,0,0,0,0,75.79,0
3.7,0.22,17.8,19,13,2.84,9.78,1.974,0.136,1.839,0,0,74.59,0
5.8,0.32,19,22,17,4.32,12.21,1.936,0.152,1.784,0,0,71.79,0
4.5,0.37,25,29,17,4.92,12.35,2,0.163,1.837,0,0,75.33,0
3.6,0.47,22.5,25,16,2.76,13.63,2.15,0.23,1.92,0,0,69.44,0
8.1,0.34,21.6,25,18,5.04,13.21,1.965,0.174,1.792,0,0,72.71,0
6.2,0.32,21.6,26,18,3.49,14.48,2.022,0.194,1.829,0,0,71.75,0
5.7,0.52,19.7,18,20,4.71,15.67,2.142,0.236,1.906,0,0,73.66,0
2.9,0.17,25.9,16,7,1.38,5.52,1.917,0.041,1.877,0,0,73.54,0
4.3,0.33,23.4,26,17,4.3,12.71,1.896,0.149,1.746,0,0,74.93,0
1.3,0.21,24.1,17,6,1.54,4.78,0,0,0,0,0,73.86,0
4.8,0.3,22.7,24,17,3.47,13.07,2.029,0.144,1.884,0,0,75.66,0
3.4,0.29,23.9,23,13,3.16,10.29,0,0,0,0,0,76.46,0
3.3,0.27,21.5,24,13,2.64,10.82,2.003,0.14,1.862,0,0,73.81,0
4.8,0.38,23.7,27,15,3.16,11.41,1.958,0.15,1.808,0,0,73.41,0
4.1,0.4,24.5,28,19,4.71,14.16,2.031,0.165,1.866,0,0,79.73,0
4.7,0.56,20.9,26,20,3.47,16.94,2.24,0.277,1.963,0,0,75.66,0
9,0.37,20.9,25,24,6.77,17.37,2.062,0.24,1.822,0,0,77.57,0
7.2,0.34,21.6,24,23,4.9,17.79,2.062,0.215,1.846,0,0,76.79,0
6.6,0.54,19.6,19,25,5.67,19.74,2.228,0.295,1.933,0,0,78.37,0
3.4,0.17,29.8,14,9,1.52,7.42,1.892,0.054,1.839,0,0,77.71,0
4.8,0.35,22.4,27,20,4.53,15.18,1.979,0.19,1.789,0,0,79.05,0
1.5,0.23,24.8,20,7,1.93,5.29,0,0,0,0,0,79.38,0
5.1,0.36,22.6,24,21,3.93,16.97,2.042,0.16,1.882,0,0,79.19,0
3.6,0.31,23.7,27,15,2.95,12.34,0,0,0,0,0,80.1,0
4,0.29,20.7,25,16,2.85,12.81,2.129,0.159,1.97,0,0,80.61,0
5,0.41,23.8,26,18,3.72,14.28,2.014,0.172,1.841,0,0,77.81,0
4.4,0.55,39.1,43,21,2.48,18.09,2.188,0.188,2.001,0,0,76.63,1
8.4,0.61,32.5,43,32,5.22,26.58,2.188,0.261,1.927,0,0,72.02,1
6.6,0.57,34.9,43,27,3.5,23.31,2.241,0.264,1.977,0,0,72.63,1
6.4,0.87,31.6,39,33,5.05,27.79,2.459,0.375,2.084,0,0,72.34,1
5,0.59,37.6,46,21,2.42,18.55,2.17,0.198,1.972,0,0,73.93,1
6.2,0.7,32.7,42,26,3.2,22.89,2.396,0.323,2.073,0,0,71.51,1
1.8,0.42,32.8,32,11,1.78,8.9,0,0,0,0,0,75.81,0
3.8,0.5,33.3,49,20,2.71,16.93,0,0,0,0,0,76.36,1
6.1,0.52,32.2,46,22,2.47,19.92,2.311,0.23,2.081,0,0,78.37,1
6.6,0.55,32.4,39,28,4.57,23.7,2.244,0.24,2.004,0,0,75.69,1
6.3,0.44,36.7,31,19,2.32,16.65,2.099,0.099,2,0,0,77.05,0
4.2,0.52,33.6,44,23,3.23,19.36,2.095,0.198,1.897,0,0,75.98,1
4.8,0.53,37,45,22,4.2,17.71,2.206,0.196,2.01,0,0,71.47,1
7.9,0.59,30.7,47,34,6.07,28.42,2.176,0.257,1.919,0,0,67.63,1
6.1,0.55,33.1,45,28,4.01,24.34,2.241,0.266,1.975,0,0,68.57,1
6.4,0.81,30,42,34,6.5,27,2.458,0.371,2.087,0,0,67.72,1
5.4,0.56,35.3,50,23,3.35,19.33,2.167,0.202,1.965,0,0,69.21,1
6.8,0.66,30.4,47,29,4.29,24.26,2.397,0.327,2.07,0,0,66.21,1
2.1,0.38,36.6,40,12,1.71,9.98,0,0,0,0,0,69.83,1
4,0.47,33,49,20,3.28,17.2,0,0,0,0,0,71.27,1
7.2,0.51,32.6,51,27,4.18,22.72,2.338,0.26,2.079,0,0,71.59,1
5.7,0.5,30.9,42,29,5.17,23.39,2.197,0.235,1.962,0,0,70.75,1
7.3,0.42,37.1,34,23,3.06,19.43,2.131,0.126,2.005,0,0,71.56,0
4.2,0.48,33.2,46,24,4.08,20.07,2.058,0.178,1.88,0,0,70.75,1
4,0.59,34.2,57,21,3.8,17.35,2.263,0.195,2.068,0,0,74.57,1
7.8,0.65,29.3,57,37,6.9,30.25,2.219,0.277,1.942,0,0,69.71,1
4.6,0.63,31.5,53,29,4.25,24.67,2.276,0.277,1.999,0,0,71.17,1
5.7,0.89,28.9,49,34,7.04,27.17,2.491,0.389,2.102,0,0,70.55,1
4.3,0.64,33,56,24,3.26,21.09,2.209,0.209,2,0,0,72.45,1
7.9,0.69,28.9,54,31,4.69,26.31,2.426,0.336,2.09,0,0,69.61,1
1.8,0.42,35.8,46,12,1.98,9.64,0,0,0,0,0,72.7,1
3.4,0.51,31.3,55,20,3.12,16.47,0,0,0,0,0,75.45,1
5.8,0.54,35.1,53,24,2.8,20.98,2.235,0.216,2.019,0,0,73.53,1
6.2,0.54,30.8,48,28,4.79,23,2.226,0.236,1.989,0,0,73.95,1
7.3,0.48,35.3,39,26,3.48,22.39,2.213,0.161,2.051,0,0,71.29,1
3.4,0.5,32.7,51,22,3.52,18.93,2.031,0.157,1.874,0,0,73.73,1
4.4,0.67,26.7,58,28,4.48,23.61,2.302,0.239,2.063,0,0,73.54,1
8.4,0.78,20.6,63,51,14.86,36.08,2.283,0.354,1.929,0,0,68.49,1
5,0.8,23.5,60,38,7.79,30.6,2.324,0.35,1.974,0,0,69.61,1
6,1.03,21.1,51,45,11.66,33.68,2.557,0.483,2.074,0,0,69.57,1
4.5,0.72,25.1,60,31,5.34,25.71,2.24,0.256,1.984,0,0,71.54,1
9.2,0.75,21.5,60,39,9.28,29.63,2.434,0.39,2.044,0,0,70.28,1
1.6,0.48,27.9,46,14,2.69,11.28,0,0,0,0,0,76.25,1
4.2,0.59,23.7,55,27,4.49,22.16,0,0,0,0,0,75.94,1
6.3,0.63,25.8,56,32,4.95,26.59,2.276,0.299,1.977,0,0,73.21,1
7.2,0.62,22.5,56,37,8.54,28.17,2.289,0.287,2.003,0,0,73.67,1
10.2,0.58,28.1,41,36,7.09,28.63,2.291,0.262,2.029,0,0,69.84,1
3.8,0.57,24,54,30,5.72,24.2,2.078,0.177,1.901,0,0,74.44,1
8.7,0.7,22.4,50,44,11.39,32.88,2.224,0.33,1.894,0,0,72,1
9.5,0.56,30.2,33,29,4.78,23.83,2.238,0.207,2.031,0,0,77.94,0
8.1,0.61,22.4,46,37,9.18,28.16,2.339,0.307,2.032,0,0,76.07,1
7.7,0.59,25.1,51,28,4.51,23.9,2.269,0.281,1.988,0,0,77.53,1
4.3,0.57,23.9,51,25,4.27,21.2,0,0,0,0,0,78.06,1
1.7,0.43,26.6,36,13,2.39,10.87,0,0,0,0,0,79.25,1
4.6,0.64,28.7,50,27,4.05,22.9,2.291,0.248,2.043,0,0,75.77,1
4.2,0.58,23.8,47,29,5.39,23.63,2.106,0.207,1.9,0,0,76.64,1
4.5,0.68,26.2,49,29,4.66,24.08,2.22,0.257,1.962,0,0,73.73,1
7.2,1.02,21.3,43,44,11.34,32.78,2.567,0.5,2.067,0,0,71.92,1
6.4,0.75,25,49,37,7.61,29.7,2.334,0.349,1.986,0,0,73.18,1
8.3,0.74,22.9,50,35,7.5,27.65,2.4,0.373,2.027,0,0,73.07,1
6.4,0.49,42.1,35,21,3.26,17.38,2.243,0.082,2.161,0,0,78.72,0
5.2,0.7,29.9,51,28,5.9,22.32,2.419,0.336,2.083,0,0,75.9,1
6.5,0.6,30.2,52,26,5.07,21.35,2.363,0.284,2.078,0,0,78.28,1
4.4,0.59,30.4,51,28,5.76,21.93,2.124,0.227,1.897,0,0,76.79,1
7.2,0.76,31.4,51,31,6.28,25.13,2.446,0.399,2.047,0,0,73.22,1
8.5,0.64,29.5,50,38,10.21,28.28,2.209,0.317,1.892,0,0,73.29,1
4,0.57,29.9,54,24,4.73,19.65,0,0,0,0,0,78.9,1
7.2,0.99,27.8,42,41,10.55,30.06,2.573,0.488,2.085,0,0,72.66,1
7.9,0.62,27.8,49,35,7.53,27.03,2.379,0.321,2.058,0,0,76.55,1
6.5,0.66,30.4,49,34,7.02,27.09,2.331,0.356,1.976,0,0,74.42,1
2,0.41,31.3,36,13,2.69,10.03,0,0,0,0,0,78.9,1
5.3,0.69,32.2,52,28,4.6,23.09,2.247,0.28,1.967,0,0,74.24,1
6.6,0.75,43.9,40,29,5.22,23.38,2.382,0.353,2.029,0,0,68.5,1
4.9,0.51,47.8,50,19,2.43,16.74,2.144,0.192,1.953,0,0,69.32,1
6.5,0.45,46.9,45,24,2.72,21.64,2.18,0.25,1.93,0,0,69.11,1
4.4,0.46,44,50,21,2.57,18.57,2.035,0.175,1.86,0,0,71.76,1
5,0.5,50.2,48,19,2.26,16.46,2.22,0.198,2.021,0,0,70.6,1
2.4,0.34,46.1,42,11,1.42,9.09,0,0,0,0,0,73.53,1
4.5,0.44,42.8,51,19,2.18,16.44,0,0,0,0,0,73.21,1
5.9,0.47,44.2,51,19,1.69,17.53,2.256,0.208,2.048,0,0,73.94,1
6.9,0.48,42.4,48,26,3.63,22.09,2.242,0.226,2.016,0,0,71.81,1
6.1,0.6,47.9,51,23,2.39,20.51,2.317,0.31,2.007,0,0,68.09,1
7.1,0.46,56.5,52,27,3.88,22.69,2.1,0.22,1.88,0,0,69.09,1
5.1,0.5,42.1,35,19,1.97,16.78,2.232,0.27,1.961,0,0,70.6,0
4.5,0.44,41.1,40,15,2.14,13.14,2.057,0.17,1.887,0,0,71.13,1
5.7,0.43,39.2,36,20,2.63,17.57,2.093,0.227,1.866,0,0,70.17,1
5.9,0.64,36.3,30,24,3.96,20.41,2.26,0.296,1.964,0,0,71.24,0
3.6,0.34,38.2,37,15,2.12,12.39,0,0,0,0,0,74.78,1
5.3,0.38,36.7,35,19,2.74,16.42,2.08,0.179,1.901,0,0,74.27,0
5.3,0.4,37,40,17,2,14.51,2.18,0.18,2,0,0,76.39,1
7.4,0.41,36.4,44,26,4.71,20.89,2.028,0.186,1.842,0,0,71.71,1
4.5,0.41,43.7,36,16,2.5,13.31,2.104,0.172,1.932,0,0,72.23,1
4,0.37,38,39,16,2.62,13.82,1.925,0.142,1.783,0,0,73.15,1
1.8,0.26,38.8,29,7,1.39,5.69,0,0,0,0,0,75.37,0
4.9,0.44,21.8,26,19,4.18,14.5,2.059,0.213,1.845,0,0,80.52,0
5.2,0.59,19.7,19,24,5.99,17.94,2.18,0.293,1.887,0,0,80.86,0
9.1,0.38,20.7,30,22,5.68,16.78,1.968,0.192,1.776,0,0,82.81,0
2.6,0.52,24.1,23,18,2.88,14.92,2.216,0.279,1.937,0,0,82.3,0
5,0.34,20.9,26,20,5.04,14.62,1.952,0.211,1.741,0,0,82.45,0
4,0.35,21.4,22,19,3.71,14.89,2.005,0.175,1.829,0,0,83.15,0
3.5,0.29,22.4,27,13,2.49,10.57,2.07,0.145,1.924,0,0,84.2,0
3.5,0.29,24,24,14,2.94,11.28,0,0,0,0,0,84.72,0
1.1,0.21,26.5,18,5,1.47,3.96,0,0,0,0,0,80.92,0
4,0.44,24,25,19,5.37,14.06,2.125,0.223,1.902,0,0,81.75,0
6.3,0.39,20,25,22,5.12,16.79,2.026,0.236,1.79,0,0,80.18,0
5.5,0.49,16.3,14,21,6.69,14.63,2.066,0.254,1.812,0,0,75.4,0
6.9,0.3,16.8,20,19,4.73,14.39,1.883,0.184,1.699,0,0,73.97,0
3.7,0.26,19.6,23,15,3.88,11.04,1.826,0.141,1.685,0,0,76.86,0
2.9,0.26,19.2,22,13,2.82,9.92,2.04,0.142,1.898,0,0,77.4,0
4.9,0.27,18.4,19,17,4.18,12.98,1.919,0.158,1.761,0,0,77.43,0
3.2,0.23,21.2,19,13,3.28,9.4,0,0,0,0,0,79.75,0
8.5,0.31,17.4,26,20,5.99,14.22,1.896,0.176,1.72,0,0,78.9,0
1.5,0.18,23.3,16,7,2,4.52,0,0,0,0,0,76.38,0
3.8,0.41,20.9,0,16,3.11,13.27,2.091,0.242,1.85,0,0,75.67,0
4.2,0.29,21.2,20,14,3.54,10.73,1.951,0.152,1.799,0,0,75.51,0
4.4,0.31,14.9,20,14,3.37,10.41,1.873,0.142,1.731,0,0,74.89,0
6.5,0.33,22.5,24,19,4.58,14.19,1.979,0.236,1.743,0,0,80.86,0
4,0.27,25.8,19,14,2.48,11.13,0,0,0,0,0,82.7,0
8,0.32,18.6,22,23,5.22,17.4,1.941,0.213,1.728,0,0,78.89,0
5.2,0.32,21.9,20,18,3.57,14.43,1.941,0.162,1.779,0,0,80.9,0
5,0.48,23.9,21,18,3.25,14.83,2.004,0.253,1.751,0,0,82.11,0
3.5,0.16,33.7,21,6,1.25,5.19,1.886,0.039,1.847,0,0,82.58,0
6.1,0.47,21.9,14,22,5.48,16.03,2.08,0.248,1.832,0,0,80.38,0
3,0.24,25.6,17,10,1.73,8.38,1.944,0.099,1.845,0,0,84.49,0
12.5,0.41,20.4,29,24,6.68,16.87,1.86,0.175,1.686,0,0,78.68,0
3.8,0.37,24.8,21,17,3.91,12.63,1.925,0.145,1.78,0,0,80.59,0
4.1,0.35,14.8,21,17,3.29,14.04,1.897,0.137,1.76,0,0,80.15,0
1.3,0.19,29.4,16,5,1.57,3.31,0,0,0,0,0,80.58,0
4.6,0.36,28.3,30,16,2.86,12.93,2.263,0.192,2.071,0,0,81.1,0
4.9,0.53,31,29,20,2.85,17.44,2.074,0.266,1.808,0,0,76.42,0
8.9,0.38,28.9,33,24,5.36,18.89,1.993,0.192,1.8,0,0,74.35,0
6,0.63,28.8,20,25,4.88,20.36,2.238,0.316,1.923,0,0,76.31,0
4.6,0.44,26,29,18,3.7,14.79,2.013,0.176,1.837,0,0,75.36,0
5.9,0.42,30,28,22,4.46,17.9,2.069,0.237,1.832,0,0,74.26,0
4.8,0.37,30.3,33,19,4.68,13.89,2.008,0.19,1.818,0,0,77.04,0
4.3,0.42,34,27,18,4.26,14.01,2.011,0.17,1.841,0,0,76.25,0
1.7,0.24,33.1,20,7,2.04,5.1,0,0,0,0,0,77.06,0
3.6,0.34,31,28,15,2.74,12.57,0,0,0,0,0,79.75,0
5.1,0.38,28.4,30,21,3.92,16.73,2.006,0.183,1.824,0,0,77.69,0
3.4,0.25,39.6,26,10,1.5,8.41,2.004,0.05,1.955,0,0,79.37,0
3.8,0.4,23.2,0,18,3.28,14.83,2.309,0.202,2.107,0,0,78.2,0
5.9,0.44,23.7,30,24,4.29,19.48,2.08,0.215,1.864,0,0,75.41,0
4.5,0.41,28.6,33,18,3.26,15.18,0,0,0,0,0,77.73,0
1.8,0.32,27.5,26,10,1.58,8.66,0,0,0,0,0,75.01,0
4.9,0.47,29.5,28,20,3.82,16.54,2.063,0.189,1.874,0,0,74.48,0
5.7,0.45,25.7,33,23,4.84,17.68,2.09,0.225,1.865,0,0,75.31,0
7.8,0.44,25.9,30,24,4.4,19.36,2.147,0.267,1.88,0,0,72.65,0
5.5,0.48,30.5,31,20,3.83,15.81,2.002,0.183,1.818,0,0,74.39,0
7.2,0.66,23.2,23,28,5.31,23.01,2.29,0.321,1.969,0,0,74.82,0
10.2,0.42,24.1,37,27,5.26,21.74,2.013,0.197,1.816,0,0,71.97,1
6.1,0.61,25.8,33,24,3.69,20.09,2.172,0.291,1.88,0,0,74.24,0
4,0.28,36,0,12,1.97,10.34,1.993,0.074,1.919,0,0,76.34,0
7.1,0.56,28.6,49,32,6.96,25.3,2.22,0.279,1.941,0,0,73.12,1
7.7,0.66,30.2,53,33,6.62,25.9,2.274,0.32,1.954,0,0,67.84,1
1.9,0.43,34.7,45,13,2.16,10.95,0,0,0,0,0,76.2,1
5.2,0.63,32.1,53,28,6.34,22.04,2.148,0.239,1.909,0,0,70.72,1
7.4,0.49,37.5,0,26,4.85,21.48,2.2,0.179,2.021,0,0,72.91,0
6.4,0.55,32,0,28,5.12,22.48,2.376,0.292,2.084,0,0,73.22,0
5.1,0.6,33.3,48,28,4.86,23.32,2.202,0.23,1.971,0,0,71.79,1
9.5,0.66,31,60,40,9.72,29.83,2.264,0.317,1.947,0,0,67.62,1
4.4,0.53,32.1,53,24,4.12,19.75,0,0,0,0,0,74.25,1
8.3,0.71,31.3,53,34,6.98,27.5,2.324,0.375,1.949,0,0,71.47,1
4.5,0.54,32.5,49,27,5.03,21.83,2.117,0.211,1.906,0,0,72.61,1
6.9,0.9,28.7,43,40,8.6,31.2,2.503,0.434,2.069,0,0,70.44,1
1.5,0.43,23,41,14,2.72,10.94,0,0,0,0,0,82.73,1
3.6,0.56,22.2,50,27,6.24,21.15,0,0,0,0,0,79.38,1
6.7,0.59,18.9,47,36,9.76,26.15,2.264,0.312,1.952,0,0,77.07,1
10.5,0.58,23.8,65,35,9.17,26.07,2.372,0.282,2.09,0,0,76.13,1
6.7,0.6,20.4,56,32,6.7,25.79,2.381,0.326,2.056,0,0,78.22,1
8.4,0.75,19.8,54,39,9.81,29.65,2.347,0.394,1.952,0,0,78.93,1
7.7,0.74,17.5,64,47,14.37,32.32,2.267,0.365,1.902,0,0,72.5,1
5.5,1.03,18.3,46,47,14.1,32.7,2.663,0.546,2.116,0,0,76.02,1
4.2,0.71,21.4,52,33,7.71,24.91,2.193,0.268,1.925,0,0,76.11,1
5.2,0.78,18.1,57,39,10.72,28.04,2.349,0.374,1.975,0,0,73.64,1
3.3,0.54,21.3,46,28,6.9,21.54,2.103,0.195,1.909,0,0,78.57,1
4.1,0.67,21.7,46,31,7.05,24.15,2.249,0.266,1.983,0,0,77.31,1
1.6,0.49,22.1,44,14,2.81,11.61,0,0,0,0,0,83.03,1
3.9,0.58,20.4,49,26,5.79,19.96,0,0,0,0,0,78.89,1
7.4,0.59,18,50,36,9.86,25.75,1.976,0.276,1.701,0,0,77.74,1
10.5,0.63,24.2,65,36,8.87,27.35,2.337,0.25,2.087,0,0,75.02,1
6.4,0.62,22.4,57,33,7.02,25.49,2.342,0.297,2.044,0,0,76.55,1
4.2,0.6,21.1,48,28,5.32,22.44,2.171,0.21,1.961,0,0,76.67,1
8.2,0.77,16.2,68,48,16.46,32,2.079,0.346,1.733,0,0,71.85,1
6.3,1.05,17.7,49,48,15.29,32.43,2.633,0.516,2.117,0,0,75.4,1
4.5,0.69,20.3,54,30,6.43,23.98,2.201,0.241,1.96,0,0,75.82,1
5.2,0.81,17.9,59,39,11.37,27.89,2.353,0.354,1.999,0,0,77.3,1
3.4,0.54,20.2,48,27,6.2,20.55,2.06,0.167,1.894,0,0,78.21,1
11.5,0.73,17.7,54,38,10.87,26.82,2.294,0.361,1.933,0,0,78.17,1
4.9,0.57,19.8,44,28,4.28,23.92,2.214,0.235,1.98,0,0,75.1,1
5.9,0.79,16.1,56,42,10.82,30.71,2.384,0.396,1.988,0,0,76.11,1
5.1,0.65,18.5,52,32,6.02,25.87,2.251,0.258,1.993,0,0,73.93,1
7.2,1.06,14.6,48,52,15.86,35.75,2.675,0.579,2.096,0,0,74.34,1
11.4,0.58,23,64,37,8.71,28.6,2.315,0.233,2.081,0,0,76.02,1
4,0.47,17.9,45,27,5.91,21.22,1.981,0.174,1.807,0,0,77.4,1
6.4,0.6,21.4,58,34,6.55,27.09,2.348,0.317,2.031,0,0,77.46,1
10.3,0.71,16.1,52,40,9.96,30.41,2.313,0.401,1.912,0,0,77.44,1
1.9,0.46,23.1,46,16,3.09,12.76,0,0,0,0,0,83.67,1
7.9,0.56,15.8,49,37,8.94,28.3,2.159,0.309,1.851,0,0,76.4,1
9.5,0.78,14.3,64,52,16.64,35.61,2.171,0.394,1.777,0,0,71.97,1
4.7,0.53,18.8,50,28,5.36,22.17,0,0,0,0,0,77.45,1
6.5,0.76,23.7,48,35,7.86,27.1,2.373,0.404,1.969,0,0,82.33,1
7.7,1.06,20.3,39,44,11.75,32.19,2.669,0.577,2.092,0,0,78.39,1
10.5,0.75,21.6,49,41,10.79,30.27,2.215,0.368,1.847,0,0,76.86,1
7.6,0.73,25.7,49,32,5.94,25.8,2.329,0.395,1.934,0,0,80.77,1
5.3,0.6,27.4,42,28,5.45,22.27,2.268,0.271,1.997,0,0,80.1,1
5.6,0.64,26.4,47,29,5.55,22.99,2.271,0.268,2.002,0,0,78.02,1
6.3,0.57,27.6,48,28,5.05,22.53,2.445,0.335,2.11,0,0,82.21,1
7.5,0.48,33.5,49,23,4.49,18.93,2.231,0.142,2.09,0,0,80.85,1
8.9,0.55,23.7,45,34,7.12,26.5,2.284,0.319,1.965,0,0,80.26,1
4.6,0.52,24.7,46,24,4.48,19.82,0,0,0,0,0,82.04,1
1.9,0.38,26.8,32,13,3.62,9.69,0,0,0,0,0,84.94,0
4.3,0.49,24.6,41,26,7.18,19.23,2.084,0.232,1.852,0,0,80.77,1
5.1,0.48,40.3,51,20,2.65,17.25,0,0,0,0,0,78.49,1
7,0.5,41.4,56,21,2.95,18.09,2.356,0.256,2.1,0,0,83.25,1
8,0.68,40.1,51,27,3.43,23.25,2.332,0.356,1.975,0,0,76.97,1
8.4,0.51,38.2,48,28,4.23,23.48,2.232,0.289,1.943,0,0,77.94,1
6.1,0.57,40.9,50,23,4.58,18.79,2.22,0.226,1.994,0,0,74.88,1
7.6,0.6,37.5,50,29,4.76,24.04,2.3,0.316,1.984,0,0,83.28,1
5.9,0.39,51.1,48,14,1.79,12.47,2.097,0.089,2.008,0,0,80.34,1
2.6,0.38,40.2,48,12,3.01,8.63,0,0,0,0,0,83.44,1
8.1,0.84,33.4,64,35,6.45,28.85,2.518,0.453,2.065,0,0,76.45,1
5.8,0.56,42,47,23,2.96,20.06,2.228,0.23,1.997,0,0,77.89,1
4.9,0.46,40.6,45,20,4.01,16.09,2.047,0.194,1.853,0,0,77.59,1
10.2,0.56,37.3,50,32,5.23,27.21,2.159,0.298,1.861,0,0,74.87,1
4.8,0.43,38.5,49,16,2.03,13.78,2.175,0.202,1.973,0,0,82.24,1
5.3,0.4,39.5,42,16,2.96,13.04,1.962,0.175,1.788,0,0,74.94,1
6.9,0.49,37.2,44,22,2.73,18.86,2.128,0.251,1.877,0,0,76.8,1
4.3,0.3,46.5,45,9,1.56,7.49,2.036,0.05,1.986,0,0,79.79,1
2.3,0.33,40.7,42,9,2.26,6.58,0,0,0,0,0,83.45,1
4.4,0.38,41,42,16,2.95,12.68,0,0,0,0,0,77.34,1
5.2,0.45,44.8,41,18,3.1,14.78,2.105,0.196,1.908,0,0,74.39,1
5.6,0.58,41.7,43,20,2.9,17.04,2.189,0.268,1.921,0,0,74.77,1
7.1,0.42,39.6,42,22,4.01,18.13,2.093,0.208,1.885,0,0,75.63,1
5.8,0.47,42.8,43,18,3.47,14.12,2.113,0.177,1.937,0,0,72.67,1
8.4,0.43,38.1,45,21,3.51,17.74,2.016,0.209,1.806,0,0,73.11,1
7.4,0.71,35.3,36,26,4.88,21.31,2.338,0.358,1.98,0,0,74.7,1
8.9,0.29,23.3,25,16,4.59,11.69,1.887,0.183,1.704,0,0,74.68,0
8.6,0.3,21.3,24,19,5.01,13.83,1.965,0.214,1.75,0,0,79.61,0
6.9,0.47,22,21,21,6.01,15.32,2.101,0.249,1.852,0,0,76.8,0
9.7,0.28,22.1,28,19,5.32,13.44,1.853,0.205,1.648,0,0,74.37,0
5.1,0.42,25.5,25,17,4.23,13.06,2.042,0.209,1.834,0,0,75.36,0
5.4,0.3,25.9,23,17,4.93,11.77,1.953,0.144,1.809,0,0,74.63,0
5.7,0.29,24.8,23,16,4.42,11.66,1.945,0.128,1.817,0,0,74.21,0
4.3,0.24,24.7,26,12,2.44,9.52,1.96,0.134,1.827,0,0,81.7,0
4.3,0.16,28.9,23,8,1.84,6.36,1.88,0.051,1.83,0,0,79.65,0
7.1,0.29,23.7,23,18,4.82,13.22,1.966,0.135,1.831,0,0,76.17,0
4.9,0.25,25.5,22,14,3.92,10.2,0,0,0,0,0,77.29,0
1.7,0.19,28.4,20,7,3.27,3.87,0,0,0,0,0,80.58,0
3.8,0.24,23.3,18,14,3.86,9.85,0,0,0,0,0,80.65,0
4.4,0.46,23.4,21,18,4.25,13.92,2.058,0.222,1.835,0,0,78.98,0
6.6,0.53,19.2,18,23,6.99,15.76,2.142,0.288,1.854,0,0,81.1,0
5.9,0.3,21.2,20,18,5.01,13.44,1.989,0.141,1.848,0,0,79.54,0
4.6,0.27,21.9,21,13,2.84,10,1.941,0.145,1.796,0,0,83.44,0
7.1,0.29,20.3,20,16,4.62,11.75,1.904,0.203,1.701,0,0,78.31,0
3.2,0.15,28.5,19,7,1.99,5.28,1.907,0.045,1.863,0,0,82.54,0
7.7,0.34,18.2,20,21,5.87,14.73,1.955,0.225,1.731,0,0,83.82,0
4,0.34,22.1,20,17,5.41,11.62,1.967,0.156,1.811,0,0,78.27,0
1.7,0.19,26.2,14,7,2.14,4.76,0,0,0,0,0,83.11,0
5.1,0.35,21.7,21,17,5.72,11.63,1.991,0.162,1.829,0,0,77.81,0
9.5,0.34,18.1,25,22,7,14.6,1.831,0.186,1.645,0,0,77.31,0
5.2,0.32,19.8,20,18,5.42,12.49,1.941,0.131,1.81,0,0,74.08,0
11.9,0.37,16.2,24,21,8.47,12.99,1.787,0.179,1.608,0,0,73.68,0
7.3,0.46,17.8,18,21,6.46,14.56,2.064,0.234,1.831,0,0,77.19,0
9.4,0.27,17.6,17,19,5.81,13.02,1.943,0.223,1.721,0,0,79.77,0
7.3,0.32,19.7,20,19,5.84,12.77,1.939,0.225,1.715,0,0,73.54,0
6.8,0.3,20.8,23,17,5.17,11.51,1.908,0.111,1.798,0,0,73.98,0
2.5,0.22,26.4,19,9,3.01,5.85,0,0,0,0,0,78.04,0
5,0.26,22.9,22,15,4.5,10.36,0,0,0,0,0,76.37,0
6.4,0.29,20.9,22,18,5.1,13.27,1.944,0.127,1.817,0,0,74.58,0
3.2,0.12,25,18,6,1.85,4.48,1.804,0.035,1.77,0,0,77.8,0
4.3,0.23,20.7,20,12,2.68,9.12,1.945,0.145,1.801,0,0,79.08,0
5.3,0.46,21.7,22,19,5.07,14.13,2.039,0.207,1.832,0,0,73.18,0
7.1,0.58,31.2,35,25,4.78,20.54,2.204,0.271,1.933,0,0,76.16,0
7.1,0.49,27.3,32,24,5.34,18.84,2.101,0.272,1.829,0,0,76.52,0
6.3,0.39,28.6,36,18,2.95,15.47,2.082,0.19,1.892,0,0,79.23,1
7.6,0.42,28.5,35,25,5.28,19.53,2.12,0.202,1.919,0,0,77.1,0
3.1,0.29,32.4,28,11,3.12,8.24,0,0,0,0,0,80.28,0
9.3,0.42,25.3,34,27,6.24,20.62,1.921,0.235,1.686,0,0,74.63,0
7,0.73,24.7,30,30,7.11,22.91,2.346,0.381,1.965,0,0,74.63,0
5.1,0.29,36.5,32,14,2.36,11.69,2.029,0.108,1.921,0,0,79.19,0
5.5,0.47,31.2,38,21,4.37,16.97,2.067,0.174,1.893,0,0,75.45,1
4.5,0.39,30.7,35,19,4.11,14.83,0,0,0,0,0,78.02,0
5.1,0.44,30.9,33,23,4.77,17.85,2.105,0.181,1.924,0,0,76.95,0
4.9,0.38,30.5,33,20,4.07,16.07,1.981,0.188,1.793,0,0,76.48,0
3,0.41,45.9,53,15,2.58,12.24,0,0,0,0,0,72.92,1
7.6,0.49,45.1,54,23,3.63,19.44,2.117,0.227,1.89,0,0,67.87,1
5.5,0.46,47.9,49,21,3.24,17.36,2.144,0.157,1.987,0,0,68.99,1
5.3,0.47,44.3,60,18,1.65,15.89,0,0,0,0,0,70.65,1
7.6,0.72,38.4,52,28,3.88,24.37,2.344,0.317,2.027,0,0,67.85,1
7.1,0.64,43.5,52,27,3.46,23.81,2.258,0.268,1.99,0,0,68.08,1
7.8,0.49,42.9,53,26,4.03,21.84,2.165,0.189,1.975,0,0,69.43,1
9.9,0.48,40.7,52,25,3.59,21.85,2.02,0.219,1.801,0,0,66.89,1
5.8,0.38,52.3,54,15,1.97,12.54,2.101,0.081,2.02,0,0,73.55,1
5.5,0.45,43.1,59,20,1.86,18.5,2.095,0.197,1.898,0,0,71.36,1
5.3,0.45,45.5,53,20,2.71,17.69,2.041,0.186,1.854,0,0,68.49,1
5.8,0.49,49.6,56,19,3.26,15.89,2.095,0.149,1.947,0,0,67.96,1
6.7,0.53,35.1,65,27,4.21,23,2.109,0.2,1.909,0,0,68.7,1
7.6,0.69,33.6,71,33,5.42,27.16,2.281,0.328,1.953,0,0,66.16,1
8.6,0.93,29.4,69,41,6.76,34.41,2.566,0.457,2.109,0,0,66.77,1
11.7,0.66,30.8,66,39,8.34,31.08,2.207,0.335,1.872,0,0,64.97,1
6.6,0.62,35.6,61,30,4.17,25.65,2.299,0.244,2.055,0,0,67.44,1
7.1,0.64,36.4,72,30,4.37,25.68,2.249,0.235,2.014,0,0,66.74,1
12.2,0.75,32.2,70,36,5.36,30.98,2.426,0.37,2.056,0,0,68.91,1
8.3,0.57,36.5,79,28,2.67,25.15,2.212,0.281,1.931,0,0,70.72,1
10,0.53,41.8,68,25,4.57,20.39,2.253,0.202,2.051,0,0,72.9,1
9.8,0.59,31.6,68,36,6.22,29.56,2.295,0.28,2.015,0,0,68.9,1
6.2,0.56,31.8,75,28,3.99,23.72,0,0,0,0,0,69.78,1
2.2,0.5,39.5,69,18,3.11,15.19,0,0,0,0,0,75.12,1
10.3,0.78,26,69,42,10.54,31.79,2.249,0.367,1.883,0,0,67.42,1
5.4,0.57,29.8,69,29,5.75,22.8,2.156,0.192,1.964,0,0,72.79,1
5.4,0.68,31.1,67,32,6.24,25.89,2.326,0.264,2.062,0,0,72.74,1
1.4,0.48,33.5,58,16,3.03,13.16,0,0,0,0,0,77.01,1
4.6,0.61,28.1,75,27,5.28,21.58,0,0,0,0,0,73.78,1
11.9,0.8,27.2,72,39,7.44,31.21,2.435,0.38,2.055,0,0,72.42,1
6,0.76,30.8,76,34,6.99,26.77,2.296,0.27,2.026,0,0,73.39,1
7.9,0.63,32.4,76,30,3.72,26,2.172,0.282,1.89,0,0,72.39,1
7.4,1.07,24.5,75,47,13.21,33.69,2.622,0.515,2.107,0,0,70.58,1
12.1,0.61,35.8,71,30,6.64,23.55,2.365,0.246,2.118,0,0,74.44,1
6.4,0.86,27.9,75,38,8.16,29.88,2.38,0.384,1.997,0,0,69.93,1
9.4,0.64,27.9,68,36,8.03,28.17,2.311,0.296,2.015,0,0,72.46,1
6.1,0.63,17.5,55,37,9.19,27.5,2.19,0.243,1.947,0,0,74.25,1
1.9,0.49,20.5,48,21,3.62,16.95,0,0,0,0,0,80.93,1
17.1,0.66,20.5,62,44,14.41,29.4,2.526,0.426,2.1,0,0,74.42,1
4.3,0.5,16.7,49,32,8.28,24.19,2.077,0.174,1.904,0,0,74.46,1
5.7,0.58,18.9,48,33,6.63,25.88,2.234,0.239,1.996,0,0,72.04,1
8.5,0.57,18.7,59,36,7.18,28.86,2.118,0.301,1.817,0,0,74.73,1
10.7,0.75,13.5,54,50,18.2,31.46,2.255,0.398,1.857,0,0,69.34,1
7.4,1.01,13.1,54,51,17.1,33.55,2.55,0.514,2.036,0,0,69.17,1
13.7,0.68,15,51,46,13.11,32.58,2.341,0.378,1.963,0,0,74.82,1
9.9,0.56,15.4,48,41,11.99,28.62,2.253,0.278,1.975,0,0,73.49,1
6.3,0.8,14.5,54,40,11.36,28.54,2.353,0.381,1.972,0,0,71.21,1
5.2,0.55,16.8,49,31,7.39,23.8,0,0,0,0,0,74.51,1
12,0.75,26,64,49,10.98,37.8,2.22,0.395,1.825,0,0,61.79,1
12.3,0.58,36,65,31,5.4,25.37,2.222,0.21,2.013,0,0,68.67,1
7.4,0.69,34.1,62,35,5.56,29.55,2.365,0.321,2.044,0,0,66,1
13.3,0.63,27.9,61,44,9.55,34.35,2.367,0.381,1.986,0,0,66.4,1
6.4,0.6,28.4,71,33,6.28,27.16,0,0,0,0,0,68.66,1
13.8,0.79,30.2,60,42,8.09,34.33,2.409,0.438,1.971,0,0,66.6,1
8.6,0.58,29.9,66,33,4.11,28.61,2.197,0.327,1.87,0,0,68.66,1
5.8,0.56,29.2,65,35,7.64,27.56,2.157,0.221,1.936,0,0,66.53,1
7.7,0.71,32.2,69,38,6.19,31.4,2.297,0.32,1.977,0,0,67.14,1
8.8,0.89,27.4,64,45,7.91,36.6,2.475,0.464,2.011,0,0,62.21,1
9.3,1.15,25.2,62,53,12.26,40.31,2.693,0.62,2.073,0,0,59.89,1
2.6,0.46,33,52,18,3.21,15.14,0,0,0,0,0,76.13,1
10.3,0.49,37.5,65,27,4.31,22.59,2.163,0.191,1.972,0,0,76.8,1
4.8,0.47,29,55,28,5.2,23.16,2.067,0.204,1.863,0,0,75.07,1
6,0.6,33.2,55,32,5.61,26.18,2.321,0.286,2.036,0,0,74.96,1
13.3,0.69,30.8,60,37,7.3,29.47,2.374,0.408,1.966,0,0,75.93,1
6.1,0.52,29.6,59,31,4.62,26.43,2.2,0.295,1.904,0,0,76.85,1
11.4,0.55,27.3,56,39,8.62,30.13,2.343,0.35,1.994,0,0,76.16,1
5.5,0.53,28.3,63,30,5.47,24.08,0,0,0,0,0,76.78,1
2.5,0.4,33.5,50,17,2.85,14.06,0,0,0,0,0,82.02,1
6.6,0.62,32.9,61,32,5.26,26.94,2.255,0.279,1.976,0,0,75.8,1
7.4,0.79,29.4,62,39,6.1,32.41,2.432,0.438,1.994,0,0,70.65,1
8.6,1.05,25.2,55,46,10.39,35.59,2.693,0.592,2.101,0,0,74.68,1
11.5,0.68,27.3,62,44,9.76,33.89,2.186,0.373,1.813,0,0,71.3,1
7.9,0.61,33.6,47,29,4.47,24.35,2.283,0.337,1.946,0,0,75.05,1
10.9,0.54,34.6,44,32,6.71,25.27,2.074,0.281,1.793,0,0,73.92,1
7.8,0.87,33.3,40,34,7.06,27.06,2.511,0.456,2.056,0,0,78.26,1
6.8,0.37,48.5,48,16,2.81,13.37,2.054,0.123,1.931,0,0,80.69,1
9.8,0.48,36.6,43,29,6.08,22.52,2.25,0.253,1.997,0,0,76.89,1
5.4,0.44,36.2,44,23,3.9,19.01,0,0,0,0,0,77.41,1
5.6,0.43,35,43,22,3.24,19.23,2.019,0.187,1.832,0,0,75.72,1
6,0.53,43,44,25,4.6,20.48,2.23,0.235,1.994,0,0,75.23,1
2.7,0.32,38.2,34,12,2.49,9.05,0,0,0,0,0,82.21,0
9.2,0.61,37.4,43,28,4.8,23.2,2.309,0.331,1.978,0,0,76.12,1
6,0.56,37.8,48,26,4.26,21.38,2.177,0.226,1.951,0,0,76.06,1
6.1,0.44,33.2,48,19,2.46,16.75,2.241,0.273,1.969,0,0,79.18,1
13.6,0.51,25.9,30,28,9.71,18.3,1.931,0.203,1.728,0,0,78.53,0
5.3,0.51,29.7,28,21,4.15,17.04,2.199,0.272,1.927,0,0,80.86,0
3.8,0.23,37.8,30,9,2.35,7.04,1.98,0.06,1.92,0,0,90.26,0
7.3,0.35,30.6,27,20,4.33,15.77,2.084,0.176,1.908,0,0,80.29,0
6.2,0.41,31.7,29,20,4.85,14.9,2.068,0.178,1.89,0,0,80.26,0
8.5,0.44,26,31,23,4.9,18.35,2.145,0.291,1.854,0,0,80.53,0
7.4,0.36,27.5,29,20,4.18,15.93,2.027,0.251,1.776,0,0,76.99,0
4.7,0.29,29.8,36,9,1.79,7.45,1.989,0.177,1.812,0,0,83.64,1
6.8,0.64,28.6,25,25,6.51,18.11,2.283,0.322,1.961,0,0,82.27,0
5.5,0.43,32.6,27,21,6.14,15.25,2.122,0.197,1.925,0,0,78.99,0
5.4,0.32,30.3,28,18,3.97,14.16,0,0,0,0,0,81.13,0
1.7,0.22,32.9,21,7,1.82,5.17,0,0,0,0,0,84.93,0
5.9,0.38,26.9,26,19,4.86,14.49,2.054,0.21,1.843,0,0,76.92,0
5.3,0.3,20.9,22,19,5.06,14.36,1.924,0.18,1.743,0,0,75.33,0
7.5,0.42,21.2,25,22,5.39,16.21,2.074,0.266,1.808,0,0,77.82,0
3.5,0.2,31.8,24,9,1.89,7.16,1.994,0.044,1.95,0,0,84.69,0
5.7,0.41,25.6,25,22,6.68,15.32,2.137,0.234,1.902,0,0,75.36,0
1.5,0.19,28,16,7,2.15,5.18,0,0,0,0,0,83.49,0
6.4,0.63,23.2,21,25,6.68,18.52,2.286,0.356,1.93,0,0,80.52,0
7,0.31,24.2,23,20,4.72,15.09,1.946,0.155,1.792,0,0,77.95,0
5.8,0.49,24.9,24,21,4.16,16.45,2.072,0.255,1.817,0,0,77.87,0
4,0.26,24.3,20,16,4.12,11.78,0,0,0,0,0,79.35,0
4.4,0.28,23.7,27,12,2.98,9.23,2.096,0.203,1.894,0,0,82.13,0
8.7,0.33,22.1,25,24,6.89,16.85,1.898,0.192,1.706,0,0,76.33,0
4.9,0.26,19.4,19,18,5.62,12.65,1.86,0.156,1.704,0,0,74.77,0
7.4,0.27,18.3,21,23,8.78,14.29,1.862,0.169,1.693,0,0,75.4,0
6.3,0.57,18.9,17,25,7.58,16.95,2.175,0.329,1.845,0,0,78.93,0
7.8,0.36,15.8,18,21,6.29,14.32,2.018,0.258,1.76,0,0,76.65,0
5.8,0.36,20.9,22,19,6.38,12.94,2.014,0.201,1.813,0,0,77.31,0
5.4,0.36,21.4,21,21,7.41,13.46,2.064,0.209,1.856,0,0,75.7,0
1.4,0.17,24.3,11,8,2.14,5.68,0,0,0,0,0,81.35,0
3.8,0.22,22.6,16,15,4.85,10.61,0,0,0,0,0,78.68,0
7.3,0.27,20.1,19,21,6.02,14.52,1.885,0.156,1.729,0,0,77.01,0
4.3,0.26,18.8,22,16,4.68,11.06,2.176,0.181,1.995,0,0,79.36,0
4.9,0.42,20.5,21,18,4.89,13.39,1.984,0.229,1.755,0,0,75.82,0
3.4,0.17,23.9,20,9,1.83,7.3,1.948,0.045,1.903,0,0,80.54,0
7,0.33,19.8,25,21,6.74,14,1.94,0.203,1.737,0,0,77.03,0
8.8,0.32,22.5,27,25,9.15,15.5,1.884,0.167,1.717,0,0,78.1,0
6.6,0.62,22,22,28,8.28,19.59,2.28,0.345,1.936,0,0,82.51,0
8.3,0.39,18.8,23,23,7.02,16.46,2.08,0.26,1.82,0,0,80.06,0
5.1,0.4,23.6,25,21,7.72,12.87,2.031,0.183,1.848,0,0,80.89,0
4.6,0.21,25.6,26,11,2.09,9.28,1.978,0.068,1.91,0,0,84.74,0
1.9,0.23,26.8,17,9,2.35,6.52,0,0,0,0,0,82.98,0
3.9,0.29,22.8,21,17,5.18,11.92,0,0,0,0,0,79.98,0
7.3,0.34,21.7,24,22,6.1,15.94,1.955,0.16,1.795,0,0,78.46,0
4.9,0.31,20.5,27,16,4.65,11.47,2.192,0.145,2.05,0,0,78.04,0
6.5,0.51,20.9,27,22,5.75,16.66,2.1,0.276,1.824,0,0,78.22,0
4.5,0.41,21.4,24,21,6.99,13.58,2.058,0.181,1.877,0,0,78.35,0
6.9,0.37,31.6,29,19,3.39,15.62,1.935,0.166,1.769,0,0,73,0
10.9,0.37,31.2,32,25,6.36,18.75,1.904,0.149,1.756,0,0,74.67,0
10.3,0.61,31.6,27,27,5.17,21.94,2.266,0.334,1.932,0,0,78.64,0
8.5,0.39,27.8,27,22,4.03,17.73,2.064,0.222,1.843,0,0,75.14,0
5.8,0.38,34.6,33,18,4.26,14.2,2.009,0.144,1.866,0,0,76.72,0
5.8,0.26,38,31,12,1.96,9.54,1.917,0.064,1.852,0,0,78.97,0
2.3,0.28,36.3,24,11,2.38,8.36,0,0,0,0,0,74.69,0
4.7,0.35,32.3,30,18,4.28,13.67,0,0,0,0,0,75.15,0
9.4,0.37,31.4,30,24,5.63,18.16,2,0.169,1.832,0,0,73.6,0
6.4,0.38,29.4,31,19,3.24,15.58,2.05,0.15,1.901,0,0,74.01,0
7.6,0.53,26.7,34,24,4.34,19.69,2.1,0.282,1.819,0,0,72,0
5.6,0.37,32.2,30,18,3.57,14.17,2.05,0.143,1.907,0,0,75.05,0
6.4,0.48,29.9,40,26,4.74,21.26,2.08,0.222,1.857,0,0,72.71,1
12.4,0.57,29.4,46,37,8.48,28.28,2.115,0.272,1.843,0,0,73.09,1
8.6,0.83,29.4,42,37,7.87,29.12,2.44,0.417,2.023,0,0,77.58,1
7.8,0.6,27.4,45,31,4.98,25.93,2.229,0.324,1.905,0,0,73.85,1
6.5,0.55,33,50,27,4.8,22.15,2.157,0.222,1.934,0,0,76.24,1
8.8,0.43,36.1,45,22,3.8,18.43,2.135,0.184,1.951,0,0,77.33,1
2.5,0.4,33.9,34,15,2.8,11.8,0,0,0,0,0,76.35,0
5.8,0.49,28.9,48,26,5.32,20.9,0,0,0,0,0,74.35,1
11.9,0.52,28.2,45,31,7.36,23.65,2.181,0.276,1.904,0,0,74.22,1
6.6,0.51,30.8,49,27,5.16,21.38,2.092,0.228,1.865,0,0,73.57,1
9.7,0.66,28.7,48,32,5.71,26.08,2.183,0.366,1.817,0,0,73.96,1
6.5,0.53,29.9,44,26,4.3,21.58,2.207,0.213,1.994,0,0,74.98,1
5.9,0.51,29.8,51,27,5.74,21.24,1.944,0.208,1.736,0,0,68.65,1
13,0.57,29.4,52,36,7.55,28.82,2.11,0.27,1.84,0,0,69.54,1
9.4,0.69,27.9,48,30,5.22,25.03,2.101,0.355,1.747,0,0,70.29,1
9.9,0.84,27.8,45,37,7.26,29.33,2.447,0.435,2.012,0,0,73.04,1
9.7,0.62,26.8,52,31,5.38,25.84,2.216,0.331,1.886,0,0,68.99,1
7.5,0.43,34.4,46,21,3.86,16.68,2.184,0.141,2.043,0,0,74.62,1
6.6,0.56,30.3,48,26,5.14,21.22,2.165,0.232,1.933,0,0,70.47,1
2.5,0.42,35,45,14,2.59,11.9,0,0,0,0,0,73.2,1
5.7,0.51,31.6,52,25,4.66,20.54,0,0,0,0,0,70.31,1
10.5,0.54,29,49,32,5.63,26.54,2.175,0.282,1.894,0,0,70.23,1
7,0.52,29.1,52,26,5.32,20.69,2.205,0.214,1.992,0,0,70.31,1
7.2,0.57,32.8,55,27,5.11,21.91,2.156,0.235,1.92,0,0,71.63,1
4.7,0.53,21.3,42,30,8.52,21.03,1.982,0.214,1.768,0,0,75.29,1
11.3,0.69,21.1,46,43,12.65,30.22,2.196,0.312,1.884,0,0,74.74,1
9.9,0.73,19.7,44,36,9.81,26.62,2.198,0.418,1.78,0,0,77.75,1
7.5,0.99,20.9,38,42,13.28,28.61,2.592,0.505,2.087,0,0,79.46,1
7.5,0.76,18.4,48,38,10.54,27.33,2.09,0.372,1.718,0,0,75.02,1
9.8,0.51,25,45,30,7.41,22.21,2.309,0.211,2.098,0,0,78.19,1
5,0.64,22.6,41,30,7.42,22.54,1.936,0.252,1.683,0,0,77.61,1
1.6,0.43,24.6,36,15,3.64,11.82,0,0,0,0,0,79.79,1
4.3,0.56,23.7,44,28,6.9,20.88,0,0,0,0,0,76.22,1
11.2,0.59,21.1,45,37,9.88,26.93,2.218,0.306,1.911,0,0,76.99,1
6.1,0.58,21.8,48,30,7.67,21.99,2.351,0.214,2.137,0,0,75.67,1
5.4,0.68,23.1,48,32,7.61,24.19,2.248,0.269,1.979,0,0,78.32,1
5.1,0.61,25.7,61,34,8.39,25.94,2.02,0.226,1.794,0,0,72.68,1
13.7,0.83,25.3,69,55,15.88,39.3,2.336,0.414,1.922,0,0,70.3,1
12.8,0.81,25.6,64,46,12.32,33.67,2.311,0.505,1.806,0,0,74.13,1
9.6,1.18,26.1,61,52,15.39,36.59,2.729,0.605,2.124,0,0,75.37,1
8.6,0.9,24.6,68,45,11.26,33.37,2.142,0.452,1.69,0,0,70.81,1
12.9,0.62,32.9,69,36,7.75,28.28,2.384,0.249,2.135,0,0,74.1,1
2.8,0.53,30.7,54,20,5.02,14.85,0,0,0,0,0,76.22,1
6.1,0.66,26.8,67,34,7.06,27.14,0,0,0,0,0,72.83,1
14.7,0.68,25.7,64,45,11.42,33.89,2.369,0.404,1.965,0,0,72.95,1
0,0.73,28.2,74,38,7.88,30.23,2.43,0.307,2.122,0,0,71.62,1
7.2,0.74,30.1,71,36,7.29,28.59,2.303,0.302,2.001,0,0,74.17,1
3.2,0.52,32.7,62,19,4.53,14.47,0,0,0,0,0,75.7,1
5.2,0.58,25.6,66,35,8.23,26.54,2.046,0.231,1.815,0,0,70.92,1
9.2,1.23,24.1,65,53,15.57,37.36,2.76,0.753,2.007,0,0,72.65,1
7.8,0.92,24.7,72,43,11.34,31.61,2.227,0.475,1.752,0,0,68.69,1
12.2,0.69,23.7,66,46,10.92,34.59,2.314,0.36,1.954,0,0,71.1,1
12.3,0.85,24.5,77,56,16.25,39.5,2.334,0.425,1.909,0,0,68.13,1
8.9,0.73,27.2,77,38,7.27,30.95,2.42,0.318,2.103,0,0,70.27,1
12.1,0.64,32.2,77,39,9.56,29.93,2.441,0.293,2.148,0,0,72.9,1
7.2,0.72,28.7,75,36,7.32,28.32,2.296,0.298,1.998,0,0,71.93,1
6.2,0.65,23.4,67,34,6.53,27.85,0,0,0,0,0,75.26,1
11.6,0.8,23.7,68,45,11.07,33.46,2.315,0.48,1.835,0,0,72.23,1
6.6,0.72,26.3,68,33,6.79,26.48,1.923,0.298,1.625,0,0,72.29,1
3.1,0.46,37,56,16,3.53,12.64,0,0,0,0,0,77.86,1
5.1,0.52,27.3,52,27,4.38,22.8,0,0,0,0,0,78.05,1
11,0.59,29.7,52,36,7.4,29.05,2.217,0.287,1.93,0,0,74.22,1
7,0.77,29.9,57,40,8.19,31.42,1.935,0.396,1.539,0,0,71.86,1
6.3,0.59,34.3,60,29,6.77,22.16,2.199,0.248,1.951,0,0,74.75,1
4.8,0.5,32.1,52,29,6.1,22.67,2.006,0.206,1.8,0,0,73.25,1
6.5,0.61,30.4,53,27,4.81,22.38,1.89,0.258,1.633,0,0,74.89,1
9,0.62,31.8,63,32,5.76,26.09,2.363,0.257,2.108,0,0,74.05,1
9.9,0.55,39.8,63,31,7.25,23.43,2.416,0.227,2.188,0,0,77.08,1
10.5,0.77,28.5,60,39,10.64,27.97,2.33,0.443,1.887,0,0,74.88,1
11.5,0.72,28.8,66,45,11.95,32.9,2.255,0.344,1.911,0,0,72.62,1
8,1.04,28.5,52,41,10.32,30.76,2.639,0.634,2.005,0,0,75.95,1
6.4,0.55,42.5,51,23,3.8,19.01,1.867,0.238,1.629,0,0,75.42,1
4.6,0.45,43.9,53,24,4.22,19.66,1.975,0.186,1.789,0,0,74.1,1
12.1,0.59,40.5,61,36,6.97,29.5,2.203,0.268,1.935,0,0,74.37,1
7.9,0.64,42.1,51,34,6.33,27.86,1.999,0.335,1.664,0,0,72.89,1
7.7,0.53,39.6,58,23,3.18,20.08,2.269,0.176,2.093,0,0,76.65,1
11.5,0.52,40.1,52,30,4.48,25.94,2.177,0.271,1.906,0,0,75.25,1
6.2,0.52,46.3,57,23,4.12,19.18,2.171,0.222,1.949,0,0,75.58,1
8.7,0.89,40.3,47,36,7.46,28.97,2.443,0.439,2.004,0,0,76.92,1
9.5,0.44,55.9,57,21,3.89,17.33,2.217,0.142,2.074,0,0,78.43,1
9.9,0.67,40.5,52,30,4.74,25.14,2.098,0.376,1.722,0,0,75.07,1
5.1,0.47,39.2,48,23,3.01,20.09,0,0,0,0,0,77.19,1
3.4,0.39,46.3,50,12,2.37,9.67,0,0,0,0,0,79.87,1
5.1,0.37,32.4,33,17,2.75,13.8,0,0,0,0,0,76.58,0
6.3,0.4,30.8,42,16,2.45,13.7,0,0,0,0,0,79.31,1
7.1,0.4,32.4,33,19,3.27,15.29,2.017,0.173,1.844,0,0,76.29,0
3.6,0.29,33.2,35,9,2.04,7.41,2.059,0.067,1.992,0,0,79.77,0
4.9,0.58,30.8,38,19,2.01,16.55,2.05,0.236,1.814,0,0,76.31,1
2.5,0.29,31.7,35,8,1.74,6.66,0,0,0,0,0,81.8,0
5.1,0.46,33.9,33,16,3.37,12.6,1.787,0.176,1.61,0,0,75.79,0
7,0.63,32.7,31,22,4.28,18.09,0,0,0,0,0,78.52,0
5.3,0.41,37.1,37,17,4.18,13.01,2.092,0.165,1.927,0,0,75.71,1
9.1,0.39,31.6,37,23,5.44,17.78,2.045,0.157,1.903,0,0,76.79,1
6.5,0.37,35.1,37,19,4.2,15.29,1.909,0.214,1.695,0,0,74.71,1
7.7,0.43,31.5,33,22,4.03,17.6,0,0,0,0,0,74.53,0
7.9,0.34,19.9,26,22,5.64,15.94,0,0,0,0,0,77.87,0
5.4,0.29,23.7,36,14,2.19,11.36,0,0,0,0,0,81.63,1
6,0.32,24.5,27,19,5.87,12.79,2.016,0.159,1.857,0,0,72.14,0
4.4,0.25,26,35,10,1.71,8.38,1.971,0.073,1.906,0,0,80.05,0
2.4,0.22,28.3,25,7,2.18,5.14,0,0,0,0,0,84.12,0
6.7,0.5,22.7,24,22,6.23,15.46,0,0,0,0,0,81.35,0
5.2,0.36,23.2,27,15,4.05,10.87,1.771,0.176,1.595,0,0,78.4,0
6,0.29,20.8,32,17,3.9,12.63,1.903,0.14,1.774,0,0,79,0
5.5,0.29,23.3,28,18,5.38,12.58,1.843,0.202,1.641,0,0,76.71,0
5.1,0.28,23.5,21,15,3.7,11.3,0,0,0,0,0,78.3,0
8.7,0.3,21.8,28,21,6.47,14.31,1.957,0.161,1.839,0,0,76.22,0
4.1,0.47,22.3,31,17,2.87,13.82,1.978,0.228,1.75,0,0,79.16,0
6.3,0.27,18.1,27,18,4.89,12.68,1.868,0.127,1.742,0,0,76.72,0
5.7,0.26,21,15,15,4.37,11.07,0,0,0,0,0,79.87,0
2.6,0.2,26.8,19,8,1.87,6.49,0,0,0,0,0,81.01,0
7,0.47,19.7,19,22,6.36,15.31,0,0,0,0,0,79.93,0
10.8,0.3,17.9,25,22,7.59,14.08,1.835,0.169,1.696,0,0,76.33,0
4.7,0.44,18.8,24,18,5.94,12.41,1.886,0.191,1.702,0,0,76.54,0
3.9,0.16,25.6,20,8,1.38,6.75,1.865,0.05,1.826,0,0,80.64,0
3.6,0.23,23.6,24,12,2.17,9.66,0,0,0,0,0,80.12,0
5,0.32,20.6,19,15,4.12,11.02,1.748,0.142,1.607,0,0,76.97,0
6.5,0.27,21.4,23,19,6.21,12.57,1.813,0.221,1.592,0,0,74.12,0
5.7,0.29,21.8,22,17,5.46,11.76,1.957,0.132,1.824,0,0,74.33,0
8.2,0.3,17.9,18,21,6.18,15.29,0,0,0,0,0,76.54,0
7.6,0.36,24.5,24,23,5.35,17.35,0,0,0,0,0,75.25,0
7.5,0.51,26.2,24,23,5.1,18.16,0,0,0,0,0,80.12,0
6.2,0.32,24.2,31,18,3.9,13.81,1.921,0.124,1.8,0,0,75.75,0
4.7,0.28,27.4,23,16,3.23,12.55,0,0,0,0,0,75.84,0
2.5,0.24,34,25,8,1.87,6.34,0,0,0,0,0,81.79,0
5.8,0.36,28.5,29,17,5.4,11.48,1.948,0.151,1.798,0,0,73.03,0
5.4,0.5,26.5,28,18,5.8,12.71,1.926,0.209,1.72,0,0,75.64,0
3.3,0.19,31.1,24,8,1.08,6.74,1.869,0.045,1.823,0,0,81.55,0
3.2,0.26,29.3,26,12,1.9,9.83,0,0,0,0,0,79.17,0
5.6,0.37,28.3,26,17,3.6,13.17,1.657,0.153,1.504,0,0,75.61,0
6.9,0.32,26.8,27,20,5.4,14.15,1.766,0.216,1.55,0,0,73.63,0
10.7,0.35,24.5,32,22,6.47,15.47,1.756,0.164,1.598,0,0,73.87,0
7.2,0.41,40.5,37,23,3.59,19.02,0,0,0,0,0,68.52,1
7.7,0.61,42.3,39,26,4.59,21.4,0,0,0,0,0,75.15,1
7.5,0.37,36.7,44,22,3.78,18.54,2.045,0.153,1.895,0,0,69.96,1
4.6,0.36,40.8,36,18,2.74,15.36,0,0,0,0,0,67.55,1
3,0.3,44.3,37,10,2.07,8.11,0,0,0,0,0,74.49,1
9.1,0.36,37.7,43,23,3.94,19.27,1.847,0.148,1.7,0,0,67.12,1
5.7,0.53,38.3,37,21,4.95,15.59,1.985,0.228,1.757,0,0,68.85,1
5.6,0.27,44.1,34,12,1.19,10.38,1.942,0.049,1.893,0,0,75.17,0
6.4,0.37,39.1,40,18,2.43,15.39,0,0,0,0,0,72.22,1
6,0.42,46.1,39,18,2.71,14.82,1.729,0.165,1.564,0,0,70.59,1
4.9,0.37,41.6,40,19,4.75,14.34,1.919,0.168,1.751,0,0,67.77,1
5.3,0.39,45.7,41,18,5.14,12.61,1.968,0.142,1.826,0,0,67.1,1
3.2,0.4,43.5,47,13,1.73,10.83,0,0,0,0,0,77.22,1
9.1,0.86,39.5,54,35,6.24,28.76,0,0,0,0,0,76.09,1
11.8,0.58,36.4,57,33,6,27.47,2.003,0.255,1.747,0,0,67.6,1
8.7,0.64,39.3,48,29,5.31,23.26,2.088,0.33,1.758,0,0,71.75,1
4.9,0.48,35.6,49,26,5.47,20.23,2.023,0.21,1.813,0,0,71.11,1
5.4,0.49,39,52,23,2.85,19.87,0,0,0,0,0,68.92,1
6.6,0.54,43.1,51,25,5.29,19.91,2.162,0.206,1.956,0,0,69.06,1
9.7,0.51,34.4,57,31,4.79,25.78,2.173,0.229,1.944,0,0,72.12,1
7,0.5,42,53,23,2.82,19.87,0,0,0,0,0,74.53,1
8.7,0.42,47.3,47,19,2.12,17.16,2.048,0.117,1.931,0,0,75.37,1
7.6,0.63,37.8,49,30,5.53,24.72,0,0,0,0,0,70.04,1
6.1,0.56,44.3,51,23,2.96,20.21,1.968,0.218,1.749,0,0,73.02,1
3,0.41,35.3,49,15,1.94,12.59,0,0,0,0,0,77.72,1
4.9,0.5,31.7,50,24,3.78,20.7,0,0,0,0,0,73.17,1
11.3,0.53,27.9,56,34,6.88,26.65,2.214,0.271,1.943,0,0,73.7,1
10.1,0.92,29.5,55,39,8.51,30.4,0,0,0,0,0,78.28,1
7.7,0.68,29.1,49,33,7.12,26.16,0,0,0,0,0,71.35,1
6.7,0.59,34.6,53,27,4.52,22.36,2.272,0.253,2.02,0,0,70.48,1
5.2,0.49,33.3,49,26,6.22,20.05,2.023,0.2,1.823,0,0,72.53,1
6.2,0.55,35.9,49,27,3.32,23.41,2.039,0.229,1.81,0,0,74.7,1
7.8,0.53,31.7,54,28,4.16,23.48,0,0,0,0,0,73.83,1
13.1,0.49,36.4,47,29,6.1,22.61,2.133,0.181,1.952,0,0,76.52,1
11.3,0.67,29.6,48,34,7.04,26.62,2.218,0.4,1.818,0,0,73.63,1
14.3,0.6,27.5,54,37,8.2,28.88,2.115,0.312,1.803,0,0,68.51,1
9.2,0.46,36.1,50,22,3.66,18.65,2.087,0.139,1.948,0,0,78.82,1
14.5,0.66,26.5,61,38,9.23,28.96,2.05,0.333,1.717,0,0,69.67,1
3.2,0.42,35.5,51,15,2.8,12.1,0,0,0,0,0,75.8,1
9.3,0.71,27.5,55,32,6.63,25.35,2.25,0.431,1.82,0,0,73.9,1
6.8,0.64,31.6,58,27,5.2,21.68,2.284,0.268,2.016,0,0,71.82,1
6.6,0.73,27.5,53,34,6.47,27.53,0,0,0,0,0,72.86,1
5.7,0.52,30.7,53,27,7.35,19.57,2.063,0.229,1.835,0,0,72.71,1
10.1,0.55,28,61,33,7.91,25.46,2.196,0.29,1.906,0,0,73.72,1
6,0.62,30.9,54,27,4.6,22.63,2.09,0.267,1.823,0,0,75.32,1
9.1,0.93,29.3,60,38,10.32,27.54,0,0,0,0,0,79.46,1
6.3,0.54,31.9,55,26,4.06,22.32,0,0,0,0,0,70.68,1
5.5,0.53,31.3,54,25,5.51,19.26,0,0,0,0,0,74.24,1
3.2,0.46,30.7,48,17,3.04,14.29,0,0,0,0,0,72.26,1
5.6,0.87,24.5,58,46,11.46,34.18,0,0,0,0,0,64.78,1
9.9,0.56,24.4,64,38,10.44,27.55,2.217,0.334,1.882,0,0,67.54,1
5,0.64,26.3,59,30,5.73,24.7,2.127,0.286,1.841,0,0,69.28,1
4.7,0.54,26.6,56,28,6.28,21.98,0,0,0,0,0,68.56,1
15.2,0.58,31.1,56,36,7.6,28.66,2.197,0.224,1.973,0,0,68.58,1
10.2,0.69,24.3,60,39,8.89,30.46,2.253,0.477,1.776,0,0,68.63,1
9.2,0.57,28.1,62,33,5.59,27.45,0,0,0,0,0,62.16,1
4.2,0.51,26.7,56,29,6.56,22.6,2.017,0.172,1.846,0,0,67.88,1
9.3,1.1,24.5,64,54,17.48,36.37,0,0,0,0,0,71.89,1
12.3,0.72,25,65,48,13.33,34.56,2.173,0.383,1.79,0,0,61.58,1
6,0.68,29.1,62,32,6.41,26.05,2.317,0.292,2.025,0,0,63.83,1
4.7,0.57,25.5,55,33,7.18,25.49,0,0,0,0,0,68.57,1
5.8,0.92,26.4,57,48,10.59,36.99,0,0,0,0,0,64.25,1
6.6,0.75,30.3,61,36,6.24,29.33,2.443,0.378,2.066,0,0,63.39,1
4.6,0.57,26.9,50,36,9.62,26.19,2.07,0.24,1.83,0,0,67.5,1
6.4,0.69,28.2,59,35,5.82,28.83,2.263,0.347,1.916,0,0,68.79,1
10.3,0.61,24.5,61,45,12.6,32.48,2.286,0.382,1.903,0,0,66.78,1
14.5,0.59,26.7,62,36,6.92,28.93,0,0,0,0,0,63.01,1
13.4,0.57,35.9,56,35,7.79,27.33,2.133,0.185,1.948,0,0,69.26,1
9.7,0.76,26.7,57,41,9.29,31.55,2.215,0.468,1.746,0,0,67.62,1
11.2,0.74,26.2,61,50,13.78,36.34,2.12,0.399,1.721,0,0,60.86,1
2.3,0.43,30.5,44,17,3.17,13.79,0,0,0,0,0,73.51,1
9.9,1.18,26.9,62,56,16.2,40.01,0,0,0,0,0,70.82,1
6,0.83,27.7,58,38,6.8,31.63,0,0,0,0,0,69.83,1
12.4,0.55,32.6,64,27,4.72,22.27,0,0,0,0,0,68.87,1
4.7,0.46,29.9,57,27,5.14,21.76,1.934,0.182,1.753,0,0,73.03,1
12.5,0.5,40.4,57,27,5.05,22.07,2.167,0.248,1.92,0,0,76.4,1
9.8,1.05,29.5,64,47,11.34,35.42,0,0,0,0,0,72.28,1
4.7,0.51,28.7,53,27,5.44,21.73,0,0,0,0,0,73.94,1
6.1,0.61,33.1,60,26,3.71,22.64,2.219,0.3,1.919,0,0,73.8,1
12.5,0.68,28.1,61,44,9.98,34.37,2.153,0.399,1.754,0,0,67.56,1
6.8,0.65,34.3,65,29,4.25,25.05,2.382,0.323,2.059,0,0,68.96,1
2.6,0.39,33.7,49,15,2.81,11.75,0,0,0,0,0,77.3,1
9.6,0.53,28.3,62,35,7.62,27.17,2.227,0.349,1.879,0,0,72.17,1
11.3,0.69,26.1,57,35,6.43,28.77,2.267,0.45,1.817,0,0,73.41,1
